,verbs,freq
0,shows,65
1,graphene,146
2,tuned,17
3,applying,16
4,providing,60
5,expected,157
6,figure,33
7,seems,71
8,increasing,152
9,differs,3
10,originated,5
11,combination,10
12,modes,2
13,stacking,75
14,holelike,2
15,bands,10
16,band,4
17,seen,190
18,set,41
19,reused,29
20,include,281
21,zhang,8
22,carried,68
23,varying,34
24,found,885
25,modulus,1
26,isotope,2
27,conducted,144
28,testing,118
29,using,837
30,indicated,133
31,friction,3
32,layer,7
33,calculation,1
34,established,186
35,reduced,278
36,increased,723
37,caused,108
38,inhibited,25
39,decreased,143
40,ranged,13
41,remained,50
42,examination,1
43,peaks,2
44,identified,298
45,distinguished,17
46,broadened,16
47,approaching,9
48,splitting,8
49,determined,71
50,spectra,11
51,multiple,6
52,made,97
53,purpose,1
54,tuning,9
55,used,976
56,remove,6
57,starting,23
58,influenced,34
59,obtained,134
60,selecting,14
61,kish,2
62,measured,226
63,provides,52
64,freedom,2
65,leading,126
66,honeycomb,6
67,structures,25
68,screening,99
69,coupling,27
70,resulting,137
71,shown,734
72,aligned,10
73,scanning,3
74,see,119
75,bilayer,13
76,spacing,3
77,observed,359
78,correspond,10
79,stacked,6
80,hopping,10
81,associated,979
82,marked,26
83,corresponding,87
84,given,202
85,eigenvalues,2
86,plotted,4
87,derived,64
88,dirac,2
89,shifted,6
90,dos,8
91,compared,642
92,differences,7
93,exhibit,14
94,responses,18
95,opened,5
96,controlled,72
97,insulating,4
98,realized,19
99,stabilized,5
100,creating,24
101,introducing,13
102,closed,9
103,attributed,65
104,flg,6
105,viewed,31
106,predicted,91
107,figdesc,16
108,raman,3
109,imaging,124
110,domains,22
111,abab,1
112,copyright,17
113,specified,41
114,performed,273
115,enables,15
116,characterize,8
117,infrared,9
118,visualized,12
119,owing,35
120,widths,4
121,characterized,131
122,ordered,11
123,incorporated,34
124,assembled,20
125,meeting,13
126,ideal,8
127,exhibits,6
128,might,266
129,enhanced,78
130,completing,21
131,assembling,7
132,introduced,44
133,destroyed,4
134,presumed,12
135,dozens,4
136,decoupled,2
137,stretching,5
138,suspended,14
139,microfabricated,3
140,minimizing,2
141,induced,51
142,ripples,7
143,amplified,11
144,amplitude,7
145,limited,94
146,indicates,82
147,approaches,18
148,wrinkles,5
149,apart,1
150,sizes,24
151,ranges,25
152,occur,98
153,substrates,6
154,thickness,4
155,substrate,9
156,attributes,8
157,grain,2
158,supported,56
159,generated,64
160,processes,50
161,resulted,82
162,described,377
163,revised,18
164,applied,135
165,formula,9
166,plotting,1
167,allows,57
168,buckling,3
169,wrinkling,1
170,assumed,92
171,complying,1
172,crumples,1
173,occurring,44
174,crumpled,9
175,produced,62
176,dense,1
177,reported,1244
178,hundred,4
179,drying,3
180,wrinkled,2
181,deformation,2
182,makes,34
183,crumpling,6
184,radius,2
185,decreases,32
186,scaling,6
187,embedded,10
188,creates,16
189,isolated,55
190,result,107
191,formed,53
192,form,20
193,describing,14
194,thought,89
195,according,260
196,aligning,1
197,related,248
198,neighboring,9
199,reducing,127
200,gbs,14
201,stitched,4
202,stm,6
203,electron,10
204,repeating,4
205,evidenced,21
206,resolved,26
207,carbon,38
208,consists,26
209,capturing,1
210,circles,1
211,coloring,1
212,overlaying,1
213,overlay,3
214,provide,172
215,gain,17
216,understanding,59
217,covered,16
218,missing,29
219,dangling,12
220,saturated,9
221,exist,31
222,indicate,99
223,allow,26
224,favored,5
225,adsorbed,17
226,reserved,12
227,range,26
228,indicating,61
229,pristine,2
230,defects,26
231,hydrogenated,8
232,fluorinated,6
233,following,289
234,connected,47
235,bonding,12
236,appear,67
237,created,41
238,transforming,9
239,rotation,1
240,rotating,3
241,simulated,17
242,require,72
243,developed,198
244,constructed,23
245,therefore,34
246,calculated,148
247,fermi,1
248,lies,7
249,linear,3
250,would,238
251,violated,1
252,lead,107
253,may,1629
254,cause,50
255,scattering,41
256,change,24
257,disorders,5
258,changing,36
259,polarized,10
260,inducing,35
261,opening,18
262,impede,3
263,degrading,5
264,decreasing,44
265,suggested,280
266,inefficient,6
267,improve,162
268,conducting,38
269,serve,19
270,charged,15
271,located,42
272,doping,10
273,nitrogen,4
274,boron,2
275,doped,5
276,generate,15
277,known,258
278,confined,8
279,delocalized,4
280,propagating,5
281,depends,35
282,haskins,1
283,oriented,2
284,svs,2
285,edges,9
286,shortens,3
287,deteriorates,5
288,exfoliated,1
289,bagri,2
290,relating,14
291,corresponded,1
292,noted,76
293,dominated,8
294,mean,31
295,influence,33
296,consisting,50
297,tend,20
298,hydroxyl,5
299,anchored,1
300,corrugated,3
301,curvature,3
302,attached,13
303,reconstructed,7
304,changed,32
305,trapped,10
306,increase,110
307,making,74
308,reacting,12
309,chlorine,7
310,attaching,5
311,oxygenated,5
312,hybridized,5
313,reactive,1
314,lattice,3
315,seem,36
316,supposed,12
317,depending,53
318,enhance,16
319,underlying,83
320,reveal,12
321,pronounced,7
322,interacting,6
323,governed,2
324,suggest,182
325,maintained,34
326,contrast,20
327,regime,1
328,temperature,4
329,stained,16
330,regarding,164
331,categorized,34
332,cvd,41
333,remains,114
334,including,867
335,oxidation,5
336,interacts,9
337,hindering,7
338,promising,54
339,transferred,28
340,concentrate,2
341,pattern,5
342,cooled,3
343,growing,52
344,depend,8
345,etching,1
346,followed,115
347,polymer,4
348,physisorbed,1
349,surface,14
350,combined,93
351,interface,1
352,plays,22
353,need,134
354,suppressed,24
355,depositing,10
356,soaking,4
357,transferring,4
358,adhering,6
359,controlling,44
360,synthesize,7
361,cleaning,4
362,done,71
363,annealing,29
364,summarized,30
365,introduces,1
366,nanostructured,2
367,irradiating,11
368,create,14
369,sputtered,5
370,employed,85
371,utilizing,6
372,labeled,17
373,assessed,103
374,dose,30
375,showed,425
376,kev,6
377,freestanding,4
378,corroborated,9
379,probing,5
380,ion,5
381,beam,3
382,focused,74
383,defect,5
384,explained,72
385,ratios,1
386,adopted,13
387,could,380
388,tailoring,2
389,relaxed,1
390,investigated,129
391,hrtem,1
392,atom,1
393,harnessed,2
394,lin,3
395,facing,5
396,annealed,2
397,got,1
398,conductivity,1
399,confirmed,128
400,distributed,15
401,reduce,250
402,obtaining,15
403,desired,13
404,spectroscopy,1
405,extracted,5
406,presented,85
407,chemisorbed,4
408,removed,19
409,bottom,2
410,uhv,4
411,oxidized,10
412,desorbed,4
413,tunneling,4
414,postulated,8
415,level,18
416,lying,12
417,dashed,2
418,healing,5
419,managed,18
420,retain,3
421,elevated,156
422,verified,15
423,occurs,63
424,efficient,4
425,monitored,19
426,akada,2
427,adjusting,5
428,daukiya,1
429,activated,69
430,schemes,1
431,existing,61
432,healed,1
433,demonstrated,312
434,tailored,6
435,quantum,1
436,tune,2
437,required,139
438,exploiting,2
439,profiled,2
440,kumar,1
441,exam,1
442,polycrystalline,1
443,determines,7
444,semiconducting,1
445,experienced,65
446,investigating,33
447,increases,40
448,strain,6
449,transfer,23
450,gated,2
451,contributed,23
452,study,184
453,highlighted,46
454,develop,140
455,analyses,41
456,overlaid,1
457,closest,1
458,discussed,25
459,composed,50
460,glass,3
461,held,7
462,evaluated,174
463,recommended,82
464,toothbrushing,14
465,wearing,7
466,rrna,3
467,sequencing,28
468,defines,2
469,follows,16
470,aged,52
471,score,8
472,start,25
473,prepared,6
474,compostela,1
475,analysed,22
476,divided,13
477,outer,1
478,captured,12
479,images,7
480,fluorochrome,1
481,defined,220
482,matlab,1
483,called,37
484,introduce,2
485,barcode,2
486,dna,20
487,pcr,3
488,purified,20
489,end,12
490,included,334
491,düren,1
492,cleaned,1
493,beads,1
494,pyrosequencing,1
495,pyrosequenced,1
496,advanced,40
497,containing,34
498,trimming,7
499,separated,27
500,considered,295
501,filtered,4
502,clustered,1
503,otus,1
504,assigned,25
505,read,13
506,threshold,20
507,fasta,1
508,proposed,118
509,packages,2
510,based,467
511,excluded,39
512,taxa,8
513,take,32
514,friedman,2
515,analyse,3
516,biofilm,4
517,type,18
518,genus,1
519,calculating,29
520,modelled,6
521,achieved,30
522,adjusted,41
523,concluded,32
524,predictive,8
525,situ,2
526,melo,1
527,discs,2
528,evaluate,33
529,must,37
530,detected,125
531,enamel,1
532,confirming,14
533,fusobacterium,2
534,gemella,2
535,aggregatibacter,2
536,originating,18
537,tongue,2
538,recommend,30
539,developing,115
540,background,1
541,hydroxyapatite,1
542,positioned,4
543,differ,34
544,taking,44
545,brush,6
546,revealed,89
547,affected,75
548,kratom,1
549,mitragynine,1
550,explaining,2
551,opioid,1
552,produce,59
553,alarming,6
554,seizures,34
555,occuring,3
556,onset,63
557,lowered,25
558,perceived,114
559,lack,59
560,exacerbated,17
561,institute,1
562,estimated,185
563,depressed,5
564,sixfold,1
565,cognizant,1
566,qol,1
567,standardized,20
568,validated,75
569,pertaining,7
570,dozing,1
571,supporting,86
572,evaluating,44
573,detecting,27
574,appears,106
575,balance,3
576,improved,130
577,begin,8
578,underestimated,6
579,service,1
580,learning,113
581,physicians,25
582,worked,8
583,exercise,19
584,work,39
585,cdc,1
586,goldhagen,1
587,helped,3
588,speculated,13
589,duties,1
590,report,46
591,ranging,26
592,remember,3
593,receive,33
594,run,7
595,improving,55
596,changes,7
597,believing,6
598,arguing,3
599,decrease,30
600,instituting,4
601,mentoring,4
602,dedicated,17
603,teaching,21
604,implemented,32
605,encountered,8
606,residency,2
607,identifying,64
608,contributing,47
609,risk,77
610,intervene,2
611,pylori,2
612,progresses,15
613,infected,47
614,cagpai,1
615,caga,3
616,affect,61
617,encodes,13
618,living,62
619,documented,50
620,participant,3
621,scheduled,1
622,recruited,26
623,processed,29
624,stain,2
625,collected,44
626,culturing,2
627,genotyping,3
628,detect,38
629,left,1105
630,ends,2
631,alaska,7
632,characterised,14
633,reviewed,31
634,understand,15
635,likelihood,8
636,unexpected,11
637,finding,73
638,smoking,104
639,asked,27
640,rest,5
641,rindstedt,1
642,spend,7
643,friends,4
644,promote,26
645,play,80
646,telling,2
647,smith,5
648,elfving,10
649,agostini,13
650,amp,453
651,show,147
652,waiting,10
653,tighe,2
654,hansen,8
655,clown,3
656,boys,6
657,golan,1
658,looked,6
659,help,42
660,phal,3
661,lay,7
662,reframed,3
663,meaning,16
664,mansson,8
665,want,14
666,explored,44
667,kingsnorth,6
668,clowns,7
669,healthcare,13
670,barkmann,6
671,blain,6
672,determining,44
673,succeed,4
674,opposed,19
675,projected,13
676,collection,2
677,batenburg,1
678,lists,1
679,linge,2
680,acknowledged,16
681,told,3
682,ford,2
683,afraid,2
684,taken,85
685,decide,4
686,interesting,10
687,investigate,19
688,teleclowning,1
689,cared,3
690,clowning,1
691,appeared,14
692,barnhoorn,5
693,involved,118
694,cooperate,15
695,become,48
696,interfere,8
697,support,24
698,admitted,19
699,addressed,28
700,biomonitoring,5
701,harvested,9
702,remote,1
703,métis,1
704,canada,9
705,ongoing,34
706,caribou,2
707,spruce,2
708,discovered,27
709,prompted,19
710,limit,31
711,walleye,3
712,lakes,4
713,fish,3
714,wanted,3
715,engage,16
716,focus,34
717,climate,5
718,facilitate,32
719,setting,91
720,experiences,14
721,became,16
722,contacted,6
723,radio,1
724,means,43
725,participating,8
726,emphasising,3
727,challenging,27
728,foster,3
729,leverage,3
730,return,3
731,hair,1
732,sampling,23
733,crosses,1
734,facilitates,6
735,addressing,20
736,wildlife,1
737,monitoring,30
738,exposure,31
739,resource,3
740,latin,5
741,disseminated,6
742,affects,40
743,invades,2
744,liver,35
745,vomiting,3
746,responded,11
747,platinum,12
748,relapsed,19
749,tkis,2
750,muscle,10
751,autoantibodies,1
752,oaps,3
753,packed,4
754,challenge,14
755,requires,57
756,astrocytes,5
757,modelling,10
758,rosito,3
759,showing,77
760,perplexing,2
761,administered,48
762,binds,9
763,binding,96
764,myositis,2
765,expressed,137
766,periphery,1
767,use,149
768,disputed,1
769,measure,5
770,represents,69
771,oap,1
772,dimension,1
773,isoform,1
774,believe,19
775,expressing,18
776,clustering,23
777,accelerated,11
778,breathtaking,1
779,bioconductor,1
780,choosing,17
781,gives,5
782,venue,1
783,look,4
784,find,31
785,cachexia,12
786,lacking,30
787,recognized,95
788,regardless,6
789,represent,55
790,homodimer,1
791,activates,16
792,shared,28
793,reverses,5
794,survival,6
795,circulating,79
796,acta,14
797,acute,79
798,suggesting,144
799,contribute,91
800,link,25
801,aim,10
802,weight,72
803,staging,3
804,ecog,1
805,accepted,39
806,normalized,19
807,trained,18
808,blinded,11
809,muscles,2
810,baseline,42
811,deceased,96
812,lost,53
813,poorer,16
814,tumour,11
815,reflect,64
816,linked,126
817,correlated,89
818,overexpressed,17
819,lung,29
820,stage,10
821,lps,7
822,septicemia,4
823,mediated,63
824,inflammation,10
825,predict,39
826,reflecting,24
827,failed,65
828,blunting,3
829,absence,2
830,exerts,4
831,atrophying,3
832,breitbart,1
833,myostatin,1
834,protein,45
835,regulated,51
836,interconnected,5
837,autophagy,9
838,proteasome,5
839,misfolded,6
840,aggregates,2
841,proteasomal,5
842,informative,1
843,capped,1
844,regulates,19
845,entry,2
846,flanked,2
847,executed,3
848,specific,3
849,led,74
850,abps,6
851,conjugated,9
852,bind,16
853,subunits,2
854,allowing,34
855,measuring,42
856,ageing,12
857,maintaining,37
858,robust,7
859,altered,44
860,targeting,83
861,geurink,5
862,immortalized,2
863,propagated,1
864,cultured,40
865,thermo,2
866,plate,1
867,staining,20
868,sacramento,1
869,acclimatized,1
870,detailed,22
871,reporting,29
872,approved,87
873,contain,28
874,contains,23
875,directed,40
876,probe,1
877,elevates,1
878,cell,223
879,suggests,120
880,localized,17
881,fused,8
882,varied,13
883,alter,8
884,cultures,2
885,enriched,21
886,myofiber,2
887,irrespective,1
888,reflected,17
889,prevailing,6
890,tibialis,2
891,valuable,5
892,explore,2
893,tianxi,1
894,analyzed,81
895,topmed,1
896,paul,1
897,modeling,16
898,exercising,1
899,perpetuated,2
900,randomized,109
901,achieve,52
902,achieving,20
903,published,171
904,determine,19
905,forget,8
906,prey,2
907,selected,76
908,forgetting,3
909,learned,20
910,comes,17
911,osorio,1
912,captive,1
913,constrained,4
914,viewing,8
915,facilitating,15
916,attacked,3
917,coloured,8
918,demonstrating,46
919,avoiding,15
920,dendrobates,2
921,wild,8
922,rojas,1
923,cages,1
924,ruficauda,1
925,handling,8
926,reject,1
927,chai,1
928,pinheiro,2
929,releasing,1
930,benson,6
931,calibrated,8
932,account,35
933,printed,9
934,buckinghamshire,1
935,produces,17
936,london,11
937,dorset,1
938,forewing,1
939,enhancing,79
940,warning,6
941,finkbeiner,7
942,explanation,5
943,evolve,9
944,lindström,1
945,colour,2
946,explain,33
947,predator,1
948,assume,10
949,reinforcing,5
950,speed,1
951,servedio,1
952,sight,2
953,stimulated,17
954,attracts,2
955,rowe,4
956,emerge,11
957,differentiated,16
958,arise,18
959,signaling,195
960,regulate,13
961,examined,146
962,hypothesized,33
963,configured,4
964,female,1
965,ascertained,1
966,coding,20
967,primer,2
968,acquired,45
969,classified,37
970,moderate,14
971,deemed,15
972,examples,15
973,trimmed,2
974,excised,1
975,fixed,38
976,buffer,2
977,dehydrated,1
978,dried,1
979,thick,1
980,collagen,12
981,immunostaining,6
982,abcam,1
983,biosciences,1
984,homogenized,1
985,velvet,3
986,videos,3
987,kluwer,2
988,reproduced,19
989,control,28
990,valves,3
991,myofibroblasts,2
992,reversa,1
993,sma,3
994,inhibits,6
995,reasoned,4
996,formation,1
997,heterodimerization,1
998,infancy,1
999,remodeling,35
1000,mice,32
1001,enlarged,5
1002,born,4
1003,disturbed,10
1004,express,7
1005,transdifferentiate,3
1006,diseased,2
1007,colocalize,2
1008,minimal,3
1009,subjected,17
1010,acquire,14
1011,delayed,31
1012,loci,1
1013,influencing,14
1014,translation,1
1015,continue,22
1016,includes,53
1017,cardiac,10
1018,hypertrophy,6
1019,height,5
1020,standardised,11
1021,resting,23
1022,automated,20
1023,mmhg,6
1024,imaged,3
1025,obtain,30
1026,body,3
1027,relative,13
1028,posterior,3
1029,filling,12
1030,data,12
1031,stroke,63
1032,measures,18
1033,needed,107
1034,favourable,3
1035,mass,19
1036,accounted,20
1037,ratio,29
1038,sexes,13
1039,less,4
1040,mediating,9
1041,comparison,11
1042,indexing,5
1043,comparing,67
1044,averaged,7
1045,indexed,5
1046,experience,22
1047,diabetes,239
1048,rooted,7
1049,apparent,5
1050,begins,4
1051,compare,14
1052,adds,7
1053,etelcalcetide,1
1054,attenuated,34
1055,vitamin,18
1056,treat,3
1057,needs,29
1058,exemplifies,1
1059,complaining,1
1060,cxr,3
1061,chest,4
1062,recommends,2
1063,referred,42
1064,triggered,13
1065,fear,12
1066,missed,15
1067,practicing,3
1068,hold,3
1069,doubled,2
1070,sleep,27
1071,outcome,22
1072,versus,27
1073,contained,32
1074,studying,25
1075,herein,2
1076,prespecified,13
1077,snoring,1
1078,protrude,1
1079,teeth,1
1080,anchoring,2
1081,bias,12
1082,nurses,1
1083,sham,10
1084,refused,1
1085,fabricated,14
1086,treating,39
1087,reduces,2
1088,comprised,16
1089,stimulates,3
1090,cortisol,1
1091,relation,13
1092,breathing,22
1093,spans,1
1094,designed,57
1095,population,9
1096,episcleritis,2
1097,existed,6
1098,idiopathic,1
1099,leads,85
1100,surrounds,2
1101,swelling,13
1102,lasting,5
1103,tends,13
1104,helpful,7
1105,recur,9
1106,drops,1
1107,distinguishing,10
1108,blanch,1
1109,sites,20
1110,tried,8
1111,weighing,1
1112,moving,12
1113,teach,6
1114,remain,77
1115,shaping,1
1116,knowledge,24
1117,surrounding,24
1118,integrates,1
1119,poses,7
1120,coordinated,3
1121,framing,1
1122,care,19
1123,gave,12
1124,training,96
1125,shape,5
1126,signalled,2
1127,hvc,1
1128,delivering,10
1129,skills,4
1130,polyphenols,5
1131,tea,12
1132,findings,6
1133,note,30
1134,bioengineering,1
1135,fasting,77
1136,impaired,48
1137,diagnosed,44
1138,excluding,13
1139,alcohol,25
1140,second,5
1141,scores,18
1142,listed,26
1143,modify,12
1144,scored,14
1145,mellitus,170
1146,whereas,50
1147,pooled,35
1148,confounded,9
1149,lifestyles,1
1150,subgroup,3
1151,stratified,7
1152,vitro,4
1153,chinese,1
1154,attenuate,3
1155,intake,27
1156,consumed,12
1157,provided,83
1158,examine,14
1159,consuming,1
1160,die,8
1161,ptsd,149
1162,suffer,17
1163,kar,2
1164,deems,1
1165,houston,8
1166,focuses,9
1167,respond,25
1168,argued,31
1169,incorporation,2
1170,reach,24
1171,give,43
1172,packaged,1
1173,promoting,22
1174,coping,43
1175,helping,4
1176,make,78
1177,happened,1
1178,rebuilding,1
1179,outcomes,26
1180,choose,4
1181,finds,2
1182,getting,2
1183,cope,2
1184,aftereffects,1
1185,extensive,1
1186,argues,3
1187,individual,2
1188,intended,14
1189,undertaken,1
1190,linking,6
1191,functioning,48
1192,offering,12
1193,involves,52
1194,informed,31
1195,stress,3
1196,pfefferbaum,6
1197,evaluation,2
1198,amount,3
1199,exposed,114
1200,geared,1
1201,indonesia,1
1202,devastating,12
1203,codreanu,7
1204,mandated,2
1205,assure,2
1206,earthquakes,2
1207,attempting,6
1208,relevant,17
1209,believed,19
1210,survive,7
1211,giving,18
1212,encouraging,10
1213,clarke,2
1214,took,23
1215,doll,2
1216,alleviated,5
1217,know,7
1218,involve,41
1219,calls,2
1220,thinking,3
1221,advocates,1
1222,view,8
1223,traumatizing,3
1224,adheres,1
1225,gone,2
1226,vaccinating,4
1227,serving,14
1228,dunn,2
1229,denies,2
1230,minimizes,2
1231,acts,9
1232,managing,14
1233,scaring,2
1234,act,14
1235,balanced,5
1236,spread,3
1237,involving,62
1238,reached,42
1239,moreover,4
1240,seek,7
1241,fraustino,1
1242,draw,1
1243,liking,6
1244,runs,3
1245,video,1
1246,communicate,2
1247,playing,16
1248,appealing,1
1249,translates,1
1250,preparedness,3
1251,behaviour,16
1252,jacobs,3
1253,ronan,7
1254,johnson,6
1255,aimed,15
1256,programmes,11
1257,save,1
1258,programme,1
1259,conclude,4
1260,interpreted,30
1261,cited,17
1262,resilience,1
1263,argue,4
1264,supports,9
1265,discuss,4
1266,avoid,23
1267,discussing,2
1268,korhonen,1
1269,adult,27
1270,aftermath,3
1271,helps,16
1272,child,11
1273,manage,2
1274,education,11
1275,concept,12
1276,reactions,1
1277,follow,12
1278,model,16
1279,aiming,4
1280,parenting,23
1281,protective,6
1282,ackil,3
1283,planning,20
1284,talk,2
1285,correct,14
1286,improves,33
1287,predicts,9
1288,holen,2
1289,landslides,2
1290,upbringing,2
1291,competent,1
1292,solving,2
1293,disadvantaged,17
1294,disintegrated,1
1295,suspect,2
1296,communicating,3
1297,stimulating,10
1298,attitude,8
1299,campaigns,1
1300,target,33
1301,rely,6
1302,internet,1
1303,listening,1
1304,watching,6
1305,say,3
1306,mullen,1
1307,jetten,1
1308,values,3
1309,emphasize,6
1310,review,14
1311,anxiety,5
1312,stepped,2
1313,experiencing,33
1314,future,7
1315,considering,43
1316,preparing,2
1317,beginning,33
1318,online,26
1319,remembered,1
1320,behaviours,2
1321,rising,17
1322,came,4
1323,echo,2
1324,disaster,1
1325,messages,1
1326,cosgrove,4
1327,roberts,4
1328,besides,4
1329,compromising,12
1330,impairing,6
1331,places,7
1332,symptoms,21
1333,examining,26
1334,prevent,32
1335,rose,16
1336,offered,16
1337,immediate,5
1338,relieve,6
1339,kearns,14
1340,ressler,5
1341,shalev,12
1342,understood,7
1343,trauma,47
1344,prevalent,4
1345,silove,2
1346,takes,8
1347,brakefield,3
1348,stickgold,3
1349,taxing,8
1350,working,163
1351,wixted,1
1352,predetermined,11
1353,tapping,9
1354,brewin,12
1355,consolidated,12
1356,interfering,15
1357,kilford,7
1358,exp,3
1359,näring,6
1360,retrieving,8
1361,distressing,4
1362,performing,10
1363,retrieved,1
1364,andrade,11
1365,leer,8
1366,drawing,14
1367,gunter,9
1368,reprocessing,13
1369,consolidation,1
1370,precede,2
1371,pause,1
1372,holmes,7
1373,james,2
1374,representing,17
1375,retrieve,1
1376,analogue,3
1377,rated,17
1378,answered,2
1379,remaining,29
1380,vas,1
1381,write,1
1382,piece,2
1383,displayed,11
1384,written,47
1385,recalled,1
1386,counting,15
1387,falling,5
1388,relies,3
1389,stuart,2
1390,anticipated,5
1391,den,2
1392,vooght,1
1393,instructed,1
1394,heard,1
1395,consisted,16
1396,played,14
1397,moved,2
1398,seymour,2
1399,gathered,7
1400,assault,1
1401,approximated,5
1402,taxed,6
1403,deeprose,1
1404,apps,5
1405,contrary,1
1406,shaped,3
1407,degree,6
1408,contradict,3
1409,inverted,1
1410,studied,122
1411,highlighting,8
1412,sobering,3
1413,tested,67
1414,encouraged,3
1415,declined,4
1416,declines,1
1417,desktop,2
1418,sitting,3
1419,placing,2
1420,suffered,8
1421,sustained,35
1422,surprising,4
1423,engaging,23
1424,encourage,12
1425,walking,36
1426,rewarding,1
1427,motivating,4
1428,peer,12
1429,worksite,3
1430,mediator,3
1431,competing,6
1432,sought,11
1433,adding,16
1434,maintain,17
1435,minimize,9
1436,grounded,1
1437,deducted,1
1438,receiving,57
1439,track,6
1440,syncing,1
1441,refreshing,1
1442,updated,7
1443,fitbit,1
1444,programming,1
1445,texting,1
1446,wore,1
1447,intraclass,2
1448,completed,14
1449,place,7
1450,subjects,10
1451,spent,26
1452,exercised,7
1453,sent,4
1454,received,77
1455,approach,63
1456,started,20
1457,incorporates,4
1458,classify,13
1459,mws,2
1460,confirm,17
1461,algorithm,3
1462,benefit,55
1463,ctpa,6
1464,ionizing,5
1465,diagnosing,7
1466,adherence,3
1467,pursue,3
1468,pursuing,6
1469,females,20
1470,importance,1
1471,becoming,28
1472,markaki,2
1473,carley,2
1474,wood,2
1475,particular,13
1476,associate,11
1477,cheap,4
1478,illustrated,30
1479,exception,6
1480,asylum,4
1481,settled,7
1482,struggles,2
1483,conflicts,7
1484,exists,27
1485,kesten,2
1486,hunkering,1
1487,interact,4
1488,britain,1
1489,relates,8
1490,becares,7
1491,said,7
1492,lived,14
1493,relying,2
1494,predefined,2
1495,contend,1
1496,feelings,1
1497,intergroup,1
1498,diversity,2
1499,wider,13
1500,forms,3
1501,patterson,3
1502,neighborhood,15
1503,gorny,4
1504,havekes,10
1505,served,9
1506,tolsma,9
1507,lancee,7
1508,gundelach,7
1509,sentiment,7
1510,theil,6
1511,live,16
1512,integrated,11
1513,feeling,19
1514,united,26
1515,overestimated,7
1516,hipp,2
1517,collective,2
1518,equated,2
1519,empowerment,3
1520,reconceived,1
1521,aid,3
1522,tannahill,5
1523,dekker,5
1524,enacted,3
1525,harder,3
1526,grows,1
1527,resented,1
1528,deprived,18
1529,imposed,7
1530,offer,14
1531,relocated,2
1532,suburbanizing,2
1533,mcgarrigle,2
1534,lesser,3
1535,scotland,5
1536,questioned,15
1537,pehrson,3
1538,mccollum,3
1539,occurred,27
1540,educated,1
1541,heightened,1
1542,perceive,1
1543,card,1
1544,establish,32
1545,impacts,16
1546,complicates,7
1547,blamey,1
1548,expect,10
1549,aversion,4
1550,lippe,3
1551,livingston,1
1552,shaffer,3
1553,dissipated,3
1554,eased,3
1555,consulting,6
1556,underlie,8
1557,featured,1
1558,ethnic,1
1559,agreed,4
1560,falls,4
1561,belonging,18
1562,belonged,1
1563,felt,1
1564,feel,11
1565,warde,1
1566,kitchen,1
1567,grimsley,1
1568,manning,1
1569,raise,4
1570,influences,5
1571,whereby,2
1572,familiarity,3
1573,freeke,4
1574,promoted,11
1575,blumer,4
1576,savelkoul,4
1577,netherlands,7
1578,czaika,1
1579,lewis,3
1580,attitudes,3
1581,admired,1
1582,noting,9
1583,affecting,33
1584,grip,4
1585,passed,3
1586,arrived,2
1587,regeneration,2
1588,perpetrated,1
1589,egan,1
1590,bowes,4
1591,fmr,3
1592,estates,1
1593,enabled,30
1594,esses,1
1595,allied,4
1596,middle,2
1597,consider,15
1598,looking,9
1599,europe,8
1600,scales,2
1601,lungs,2
1602,resembles,4
1603,infiltrates,4
1604,nonsmoking,3
1605,minoca,31
1606,ami,11
1607,exclude,19
1608,issue,5
1609,aforementioned,23
1610,sepsis,3
1611,keeping,12
1612,outlined,11
1613,troponin,2
1614,revisiting,2
1615,permit,4
1616,intravascular,2
1617,superior,5
1618,intracoronary,3
1619,syndrome,16
1620,casting,5
1621,feasible,1
1622,discharge,5
1623,aspirin,4
1624,angiotensin,19
1625,statins,33
1626,prescribed,13
1627,treated,104
1628,expand,17
1629,aims,4
1630,randomize,1
1631,matching,58
1632,enzyme,19
1633,awaiting,1
1634,prolonged,27
1635,childhood,29
1636,disrupt,4
1637,chen,3
1638,csa,5
1639,cloitre,5
1640,istss,4
1641,released,36
1642,envisioned,2
1643,stabilizing,1
1644,processing,36
1645,reasoning,4
1646,emerged,19
1647,bongaerts,10
1648,harned,2
1649,replicated,14
1650,wells,1
1651,schalinski,2
1652,abused,2
1653,detrimental,1
1654,suffering,9
1655,suicide,6
1656,met,71
1657,purposes,2
1658,participated,7
1659,evening,7
1660,fulfilled,12
1661,targeted,34
1662,modified,48
1663,foa,8
1664,imagining,1
1665,clicking,1
1666,blocked,17
1667,filled,7
1668,mini,1
1669,structured,9
1670,assesses,6
1671,van,16
1672,dutch,3
1673,blake,3
1674,luinge,1
1675,likert,1
1676,summing,1
1677,keane,4
1678,hovens,1
1679,horowitz,2
1680,kleber,2
1681,replaced,5
1682,carrying,14
1683,due,30
1684,gender,7
1685,lobbrecht,2
1686,organized,5
1687,combining,26
1688,uses,35
1689,disturbances,1
1690,responding,4
1691,lasts,3
1692,delay,6
1693,undergoing,9
1694,hoge,12
1695,kessler,14
1696,impact,37
1697,vary,36
1698,sikes,1
1699,chosen,23
1700,boe,5
1701,rosellini,4
1702,returning,7
1703,kostaras,2
1704,ploumbidis,2
1705,zimmerman,2
1706,disrupting,7
1707,capture,9
1708,computerized,8
1709,tools,5
1710,emerging,47
1711,bourla,2
1712,objectified,1
1713,constitute,17
1714,karstoft,5
1715,subfield,3
1716,learn,14
1717,programmed,11
1718,supervised,3
1719,deployed,7
1720,beck,1
1721,fmri,4
1722,activation,5
1723,hrv,5
1724,hvr,2
1725,pyne,2
1726,weighed,3
1727,arab,1
1728,submitted,11
1729,liu,3
1730,directs,5
1731,triggering,15
1732,wiederhold,7
1733,blechert,8
1734,reproduce,5
1735,confronted,9
1736,shea,1
1737,moritz,2
1738,kim,78
1739,rissling,10
1740,oken,10
1741,pointing,13
1742,kobayashi,10
1743,extracting,1
1744,shi,5
1745,huening,1
1746,interviewing,7
1747,russo,2
1748,identify,90
1749,receiver,1
1750,operating,3
1751,diagnosis,8
1752,ans,1
1753,gps,2
1754,method,10
1755,test,14
1756,embodied,2
1757,emr,1
1758,bdi,1
1759,preference,1
1760,youth,9
1761,polysomnography,1
1762,ligands,46
1763,secreted,31
1764,innate,5
1765,receptor,8
1766,neutralizes,2
1767,canakinumab,4
1768,ets,2
1769,human,2
1770,coupled,25
1771,vaccine,2
1772,exploring,20
1773,suppressing,9
1774,diverges,3
1775,agree,16
1776,describe,19
1777,sdm,20
1778,compromised,11
1779,slade,12
1780,implementing,10
1781,trying,3
1782,expanding,19
1783,hultberg,7
1784,educating,11
1785,participate,17
1786,kobrin,2
1787,prerequisites,4
1788,attending,10
1789,kissling,4
1790,adapted,16
1791,drake,4
1792,leblanc,2
1793,légaré,1
1794,schizophrenia,1
1795,rolling,1
1796,origins,1
1797,sectorized,1
1798,schön,1
1799,limits,6
1800,emphasized,5
1801,preferences,5
1802,sweden,5
1803,separate,5
1804,overlapping,12
1805,sanctioned,4
1806,designing,7
1807,guided,5
1808,implementation,3
1809,beliefs,2
1810,fossey,1
1811,transcribed,2
1812,added,27
1813,employing,11
1814,clarify,2
1815,gifford,3
1816,constituting,7
1817,mentioned,38
1818,built,10
1819,stovell,3
1820,reinforce,1
1821,dedicating,2
1822,entail,4
1823,ramon,4
1824,conceived,3
1825,dismissed,3
1826,pathways,11
1827,paid,2
1828,endnote,1
1829,yield,7
1830,exchange,2
1831,arginine,2
1832,rnaseh,1
1833,enzymes,4
1834,evolved,15
1835,coordinating,4
1836,typified,1
1837,thickening,19
1838,declining,19
1839,multifaceted,4
1840,communication,3
1841,carry,12
1842,lipids,3
1843,arising,17
1844,implicated,46
1845,regard,4
1846,induce,75
1847,labelled,2
1848,signalling,18
1849,kidney,9
1850,eyre,1
1851,collecting,20
1852,ptecs,4
1853,fibronectin,1
1854,hypothesize,5
1855,associates,15
1856,ckd,34
1857,adverse,2
1858,assessing,43
1859,accumulating,6
1860,serum,23
1861,albumin,2
1862,idi,1
1863,cacss,2
1864,yiu,3
1865,cacs,3
1866,vsmcs,1
1867,release,10
1868,oscillating,6
1869,reversing,7
1870,activate,44
1871,rhoa,7
1872,kinase,33
1873,apoptosis,9
1874,proliferation,4
1875,ecf,2
1876,tumor,25
1877,induces,11
1878,acting,27
1879,calcium,2
1880,tended,21
1881,cac,2
1882,confounding,11
1883,parathyroid,5
1884,hospitalisation,1
1885,lrtis,1
1886,tenfold,4
1887,sequelae,5
1888,disappeared,8
1889,demonstrates,10
1890,southwest,5
1891,iaq,2
1892,crowding,6
1893,piped,5
1894,vocs,1
1895,interviewed,4
1896,lrti,1
1897,household,3
1898,cooking,4
1899,hobbies,2
1900,overcrowded,2
1901,running,5
1902,heating,6
1903,cough,19
1904,wheezing,9
1905,woodstove,4
1906,smoke,10
1907,fuel,6
1908,workshops,1
1909,reflects,22
1910,visits,8
1911,asthma,88
1912,match,6
1913,exceed,13
1914,persists,8
1915,repeated,25
1916,ventilation,3
1917,benzene,1
1918,stove,1
1919,fixing,1
1920,decline,13
1921,causes,35
1922,speaks,1
1923,donoghue,1
1924,inform,13
1925,sinclair,1
1926,exemplified,2
1927,champions,1
1928,evolving,4
1929,hart,1
1930,reviewing,1
1931,elucidated,7
1932,discover,1
1933,motivated,5
1934,organize,1
1935,complicated,19
1936,stimulate,4
1937,stems,5
1938,lundy,2
1939,informing,3
1940,protecting,4
1941,mitchell,2
1942,preclude,4
1943,participation,4
1944,guiding,4
1945,directing,4
1946,ideas,4
1947,chawla,5
1948,driskell,1
1949,expertise,2
1950,exposes,8
1951,heft,19
1952,turn,28
1953,build,6
1954,recognize,29
1955,appreciate,3
1956,direct,14
1957,creation,4
1958,database,5
1959,cushing,1
1960,psychosis,1
1961,hospitalized,58
1962,covering,18
1963,hospitalists,5
1964,nursing,3
1965,amending,1
1966,influential,1
1967,invest,1
1968,types,3
1969,coffman,1
1970,length,6
1971,stay,26
1972,concluding,1
1973,inpatient,1
1974,meet,15
1975,curriculum,2
1976,undervalued,2
1977,upgrading,1
1978,roles,2
1979,justified,1
1980,assessment,7
1981,devoted,6
1982,engaged,6
1983,collaborating,1
1984,lessening,8
1985,item,8
1986,reveres,1
1987,ptu,7
1988,arthralgia,3
1989,autoimmune,9
1990,prone,11
1991,anca,2
1992,accurate,6
1993,antibodies,19
1994,hyperthyroidism,1
1995,turning,4
1996,resolve,8
1997,necrotizing,1
1998,graves,1
1999,discontinued,3
2000,olfactory,3
2001,shortened,11
2002,reclassified,2
2003,hcs,2
2004,neurology,2
2005,vienna,2
2006,center,2
2007,odor,1
2008,dds,4
2009,useful,9
2010,seeking,3
2011,primary,5
2012,ranked,1
2013,travelling,3
2014,cycling,62
2015,air,5
2016,bicycle,3
2017,extreme,6
2018,harms,1
2019,motorized,15
2020,bicycling,4
2021,focusing,21
2022,aspects,6
2023,prisma,1
2024,pubmed,3
2025,searching,7
2026,exceptions,3
2027,home,11
2028,woodcock,8
2029,patterns,15
2030,transport,27
2031,respiratory,9
2032,burden,11
2033,yld,4
2034,rabl,30
2035,quantify,23
2036,risks,5
2037,noise,1
2038,dhondt,11
2039,holm,16
2040,rrs,9
2041,modeled,27
2042,particulate,41
2043,indicator,5
2044,assuming,28
2045,mapping,32
2046,barcelona,8
2047,quantified,22
2048,tackle,12
2049,check,6
2050,disease,48
2051,pollutant,2
2052,travel,10
2053,lindsay,4
2054,estimates,13
2055,estimate,14
2056,presenting,31
2057,avoided,6
2058,doses,11
2059,hia,1
2060,scope,2
2061,concentration,6
2062,eea,2
2063,fine,3
2064,ignored,3
2065,cyclists,9
2066,hartog,10
2067,average,10
2068,david,1
2069,estimating,3
2070,function,8
2071,guideline,5
2072,los,2
2073,kriging,1
2074,died,13
2075,grabow,3
2076,sulfates,2
2077,emitted,2
2078,diesel,2
2079,relied,7
2080,johansson,4
2081,travelled,4
2082,registered,8
2083,depict,3
2084,times,3
2085,diseases,40
2086,krewski,4
2087,beelen,4
2088,lipoprotein,12
2089,contraindicated,9
2090,discontinue,8
2091,ezetimibe,2
2092,fibrates,1
2093,trialists,4
2094,lowering,45
2095,vytorin,7
2096,niacin,9
2097,fenofibrate,20
2098,demonstrate,36
2099,cholesterol,3
2100,collaboration,1
2101,aes,16
2102,rescinded,11
2103,internalized,1
2104,recycled,2
2105,lysosomes,1
2106,premature,5
2107,ldl,7
2108,lipoproteins,16
2109,termed,28
2110,triglycerides,5
2111,apoe,6
2112,remnant,6
2113,uptake,9
2114,potent,3
2115,triacylglycerols,1
2116,vldl,2
2117,glycated,2
2118,hdl,5
2119,tag,2
2120,favoring,3
2121,odyssey,21
2122,dosing,45
2123,hypercholesterolemia,30
2124,phase,24
2125,glagov,5
2126,evolocumab,39
2127,alirocumab,29
2128,tolerated,33
2129,mild,17
2130,controls,15
2131,prediabetes,7
2132,normoglycemia,9
2133,proficio,9
2134,furthermore,34
2135,fourier,10
2136,adjudicated,16
2137,annualized,10
2138,continued,40
2139,inhibiting,24
2140,altering,4
2141,inhibitor,6
2142,driven,27
2143,statin,1
2144,ensure,27
2145,struggle,4
2146,dropping,22
2147,designs,6
2148,withdrawal,17
2149,strayhorn,2
2150,reforming,1
2151,step,7
2152,allowed,32
2153,immersed,1
2154,core,4
2155,integrate,4
2156,lives,2
2157,drop,5
2158,percentages,6
2159,america,6
2160,matched,20
2161,hospital,1
2162,villages,1
2163,divide,2
2164,lacked,3
2165,doubts,1
2166,vaccinated,6
2167,sms,1
2168,organising,1
2169,immunised,1
2170,icds,2
2171,preventing,29
2172,arrhythmic,2
2173,deliveries,1
2174,ischemic,5
2175,icd,11
2176,computed,10
2177,pain,2
2178,placed,36
2179,anemia,3
2180,prevalence,6
2181,advocate,2
2182,tjs,7
2183,claudins,5
2184,scaffolding,5
2185,occludens,5
2186,proteins,74
2187,disrupted,2
2188,selective,5
2189,regarded,15
2190,accompanied,26
2191,extracts,10
2192,seeding,2
2193,ogd,1
2194,cat,4
2195,preequilibrated,1
2196,assay,24
2197,incubated,10
2198,bbb,1
2199,somewhat,2
2200,interleukin,3
2201,lysates,3
2202,ras,6
2203,rheb,1
2204,becomes,2
2205,trapping,2
2206,strengthening,4
2207,recruitment,2
2208,transported,3
2209,rictor,1
2210,eighty,1
2211,depression,23
2212,brady,1
2213,lucerini,1
2214,pacella,2
2215,bisson,11
2216,russ,1
2217,entered,4
2218,lose,7
2219,schottenbauer,2
2220,dropout,1
2221,haagen,3
2222,sommerfield,3
2223,attended,24
2224,intensified,7
2225,blount,2
2226,kleine,2
2227,bult,2
2228,therapy,12
2229,murphy,3
2230,reitsma,2
2231,counted,8
2232,underway,2
2233,marx,2
2234,reliability,1
2235,lang,2
2236,bovin,2
2237,bothered,1
2238,bradley,6
2239,hendriks,3
2240,steenkamp,1
2241,lessened,1
2242,emdr,1
2243,format,3
2244,utilize,3
2245,coordinate,1
2246,ensures,2
2247,communicates,2
2248,scheduling,1
2249,transitioning,1
2250,specialized,14
2251,atgs,2
2252,phosphatidylinositol,5
2253,wipi,5
2254,axe,1
2255,autophagosomes,6
2256,tethering,13
2257,weidberg,5
2258,limiting,42
2259,lectins,4
2260,accumulates,17
2261,sensed,5
2262,optineurin,6
2263,phosphorylating,8
2264,sintbad,17
2265,randow,11
2266,imply,16
2267,phenotype,6
2268,complemented,5
2269,pomerantz,3
2270,radtke,6
2271,truncated,7
2272,generating,27
2273,fig,32
2274,failing,7
2275,scv,1
2276,phagophores,1
2277,kageyama,2
2278,prevents,1
2279,accumulated,6
2280,recruits,6
2281,depleted,1
2282,fusing,3
2283,figs,10
2284,dimerization,1
2285,abrogated,3
2286,cys,1
2287,connecting,2
2288,xie,4
2289,precipitated,3
2290,nzf,3
2291,engages,2
2292,recruiting,10
2293,prevented,9
2294,protects,6
2295,cytosol,8
2296,typhimurium,2
2297,phosphorylate,2
2298,cargo,2
2299,damaged,26
2300,attacking,1
2301,hinder,3
2302,abrogates,1
2303,ruled,4
2304,bacteria,2
2305,boyle,1
2306,detects,2
2307,liberated,2
2308,ryzhakov,5
2309,develops,9
2310,comprises,13
2311,parkin,3
2312,huett,3
2313,destabilizes,1
2314,komander,1
2315,encoding,30
2316,wickner,15
2317,kalesnikoff,15
2318,bousquet,15
2319,opposing,11
2320,fasshauer,15
2321,rat,9
2322,stored,7
2323,regulating,33
2324,phorbol,2
2325,phosphopeptides,1
2326,pruned,2
2327,conserved,24
2328,knockout,11
2329,acid,14
2330,plasma,19
2331,tiwari,3
2332,translocates,3
2333,buried,7
2334,phosphorylation,4
2335,phosphorylated,10
2336,sequences,5
2337,alanine,1
2338,mediate,10
2339,evolutionary,1
2340,kinases,1
2341,zippering,2
2342,fail,18
2343,snare,5
2344,reconstituted,4
2345,diao,4
2346,sakiyama,3
2347,forming,13
2348,pkcb,6
2349,terminated,1
2350,mutated,10
2351,kit,5
2352,synthesized,8
2353,puncta,1
2354,dividing,3
2355,normalizing,1
2356,spinning,1
2357,laser,2
2358,griot,1
2359,equipped,12
2360,apo,2
2361,cphos,1
2362,perfect,1
2363,liposomes,1
2364,briefly,6
2365,latz,2
2366,prrs,2
2367,pamps,2
2368,damps,2
2369,initiate,4
2370,fink,6
2371,pores,18
2372,named,18
2373,bergsbaken,4
2374,pathogens,3
2375,killing,19
2376,kayagaki,6
2377,gsdmd,13
2378,pyroptosis,2
2379,releases,8
2380,domain,7
2381,undefined,3
2382,promotes,18
2383,macrophages,22
2384,bmdms,2
2385,gatfield,1
2386,solubilize,1
2387,rearrange,4
2388,leung,4
2389,expanded,20
2390,executes,4
2391,initiating,6
2392,youle,1
2393,respective,5
2394,gavathiotis,2
2395,bundle,1
2396,burying,1
2397,initiated,9
2398,permeabilize,11
2399,extended,44
2400,cytotoxic,8
2401,gasdermins,1
2402,gsdma,2
2403,ding,4
2404,inserted,7
2405,stoichiometry,2
2406,dick,1
2407,cloned,5
2408,broz,1
2409,coli,1
2410,refolded,3
2411,solubilized,1
2412,hepes,4
2413,cleaved,23
2414,washed,3
2415,operated,1
2416,khz,1
2417,sharpened,1
2418,recorded,59
2419,oscillation,1
2420,lymphocytes,29
2421,injected,40
2422,interferon,6
2423,ntz,1
2424,fty,14
2425,slowed,6
2426,rrms,5
2427,mri,2
2428,duration,7
2429,delineated,8
2430,bradycardia,3
2431,susceptible,4
2432,herpes,1
2433,complained,2
2434,japan,3
2435,counts,8
2436,began,8
2437,rise,13
2438,reverted,1
2439,demyelinated,1
2440,accompany,2
2441,longstanding,3
2442,discontinuing,2
2443,preceding,3
2444,stopping,6
2445,scattered,2
2446,pilz,1
2447,granzyme,1
2448,tapering,1
2449,stopped,13
2450,predisposed,13
2451,entrapped,2
2452,lymphocyte,2
2453,subset,9
2454,discontinuation,1
2455,eliminating,13
2456,lobulated,1
2457,signify,1
2458,pml,3
2459,hiv,11
2460,prognosis,6
2461,immunosuppression,1
2462,worsening,32
2463,overwhelming,12
2464,autopsy,2
2465,switched,9
2466,advised,11
2467,harm,2
2468,maraviroc,3
2469,suspected,28
2470,methylprednisolone,1
2471,plex,1
2472,switching,7
2473,cleared,8
2474,shift,1
2475,categorised,1
2476,postpartum,5
2477,scoring,13
2478,funded,5
2479,ipr,2
2480,keyed,1
2481,issued,15
2482,imputed,1
2483,derivation,1
2484,retained,3
2485,reinserted,1
2486,multiplied,1
2487,assumes,9
2488,opt,1
2489,dataset,4
2490,implying,7
2491,routine,1
2492,emanating,3
2493,inadequate,7
2494,weighted,26
2495,individualised,4
2496,comprise,4
2497,acidolysis,6
2498,least,16
2499,championed,3
2500,putative,5
2501,refuted,1
2502,dfrc,1
2503,accessible,2
2504,attempted,19
2505,dibenzodioxocins,2
2506,milled,1
2507,cel,1
2508,bed,6
2509,agonists,14
2510,phenylephrine,3
2511,patient,1
2512,questioning,8
2513,tirs,1
2514,relief,1
2515,lending,1
2516,pseudoephedrine,6
2517,sneezing,4
2518,wherein,1
2519,pose,5
2520,mind,4
2521,brainstem,5
2522,present,14
2523,minerva,1
2524,parkinson,1
2525,entering,4
2526,insight,2
2527,causing,31
2528,resembling,6
2529,grouped,14
2530,submap,1
2531,displaying,6
2532,hpo,2
2533,normalize,2
2534,synonym,2
2535,leigh,2
2536,display,20
2537,hibch,1
2538,discriminating,1
2539,narrowing,1
2540,incorporate,2
2541,blast,1
2542,bears,2
2543,mediates,4
2544,fondaparinux,6
2545,sulfated,5
2546,haystack,3
2547,nature,3
2548,wondered,2
2549,pinpoint,2
2550,hcii,3
2551,define,8
2552,silico,1
2553,goldscore,1
2554,idoa,3
2555,likewise,4
2556,orientation,1
2557,heparin,1
2558,utilized,5
2559,acyl,1
2560,disaccharide,1
2561,afforded,1
2562,yielding,5
2563,reaction,3
2564,put,15
2565,activating,32
2566,add,11
2567,devised,1
2568,enhances,1
2569,oligosaccharides,1
2570,genera,1
2571,organism,8
2572,incoming,1
2573,harbor,1
2574,hgt,1
2575,enrich,3
2576,gut,7
2577,australia,11
2578,come,7
2579,contact,5
2580,escherichia,2
2581,striking,6
2582,isolates,2
2583,workplaces,2
2584,features,7
2585,elucidate,4
2586,assess,23
2587,levetiracetam,2
2588,optimal,1
2589,misleading,2
2590,rcts,21
2591,lamotrigine,4
2592,compares,3
2593,efficacy,20
2594,criticized,2
2595,ineffective,2
2596,fall,9
2597,generalizability,7
2598,postmarketing,3
2599,aed,4
2600,enrolled,29
2601,generalized,26
2602,favor,4
2603,rct,3
2604,seizure,8
2605,generalised,1
2606,exited,1
2607,collaborative,5
2608,undertreated,5
2609,blood,11
2610,phenytoin,1
2611,meaningful,1
2612,adopting,2
2613,optimizing,1
2614,biased,9
2615,carbamazepine,3
2616,formulation,2
2617,differed,8
2618,magnitude,1
2619,pointed,23
2620,medicine,12
2621,blinding,1
2622,adults,6
2623,epilepsy,34
2624,qolie,1
2625,forced,11
2626,extrapolating,2
2627,adjunctive,1
2628,withdraw,2
2629,exits,1
2630,explains,9
2631,responder,2
2632,tolerate,1
2633,represented,21
2634,proportion,15
2635,clobazam,2
2636,allocated,5
2637,exiting,1
2638,licensed,2
2639,address,5
2640,epilepsies,1
2641,posted,1
2642,biology,1
2643,electroencephalogram,2
2644,reinstated,1
2645,squeezed,1
2646,diverse,7
2647,reversed,15
2648,potassium,5
2649,quinidine,3
2650,migrating,6
2651,prove,6
2652,accounts,1
2653,ige,1
2654,encompasses,7
2655,fit,1
2656,worsen,1
2657,interferes,2
2658,slowing,2
2659,disorder,9
2660,plateauing,2
2661,etiology,4
2662,encephalopathy,3
2663,underestimates,3
2664,cae,4
2665,pharmacoresponsive,4
2666,succumbing,2
2667,attained,5
2668,imperative,1
2669,resective,3
2670,recommending,14
2671,uncontrolled,15
2672,disabling,16
2673,plethora,18
2674,flourished,14
2675,implanted,19
2676,erset,11
2677,engel,6
2678,sparing,12
2679,schramm,1
2680,respect,12
2681,challenges,8
2682,planned,4
2683,precluding,3
2684,criteria,6
2685,rns,5
2686,approving,3
2687,older,10
2688,fueling,5
2689,vns,4
2690,mood,6
2691,klinkenberg,2
2692,centered,3
2693,manifesting,1
2694,attributing,5
2695,extension,2
2696,implied,5
2697,refining,2
2698,withholding,2
2699,behave,4
2700,milder,8
2701,aeds,6
2702,localize,3
2703,resected,5
2704,implicating,10
2705,matures,1
2706,point,28
2707,adulthood,12
2708,correlates,13
2709,removing,8
2710,reverse,5
2711,extend,10
2712,regained,6
2713,converted,12
2714,reachieved,1
2715,recurred,1
2716,translated,2
2717,reattaining,1
2718,priori,3
2719,correlate,22
2720,surgery,4
2721,driving,18
2722,retrospective,2
2723,tripled,4
2724,preserved,19
2725,comparative,2
2726,continues,18
2727,stated,9
2728,asds,1
2729,epilepticus,5
2730,riban,3
2731,chose,7
2732,cbz,19
2733,outbred,5
2734,sulzfeld,1
2735,mouse,36
2736,fertilized,1
2737,kainate,2
2738,altromin,2
2739,housed,3
2740,keep,4
2741,hippocampus,4
2742,anesthetized,4
2743,mes,6
2744,exceeding,10
2745,exhibited,32
2746,hvsw,2
2747,hpd,1
2748,maroso,2
2749,leaves,28
2750,definite,1
2751,subtle,2
2752,twitching,2
2753,chewing,2
2754,grooming,4
2755,scratching,2
2756,hpds,4
2757,nodding,2
2758,stereotyped,2
2759,dissociated,1
2760,resistant,10
2761,kaminski,1
2762,complex,2
2763,charles,1
2764,strains,8
2765,little,1
2766,pelage,1
2767,hvsws,2
2768,defining,20
2769,exerted,3
2770,continuum,1
2771,dzp,1
2772,electrode,16
2773,penetrating,3
2774,eeg,11
2775,rats,6
2776,swds,14
2777,inbred,11
2778,twele,3
2779,spiking,2
2780,tle,2
2781,antiseizure,1
2782,totaling,1
2783,reviews,9
2784,west,5
2785,analysis,4
2786,ten,7
2787,sudep,7
2788,witnessed,10
2789,persisted,1
2790,dispelling,1
2791,literature,8
2792,drowning,1
2793,swimming,3
2794,admission,2
2795,aldosterone,10
2796,mra,2
2797,blockade,10
2798,lvef,9
2799,cmr,1
2800,aar,6
2801,bari,6
2802,reminder,2
2803,resuscitated,1
2804,fourfold,1
2805,equating,1
2806,costs,3
2807,hrqol,23
2808,complicating,7
2809,wave,4
2810,invited,5
2811,subjective,1
2812,representative,1
2813,summed,2
2814,transformed,11
2815,utilising,2
2816,regimens,39
2817,china,2
2818,conspire,1
2819,predisposing,1
2820,relate,6
2821,dearth,1
2822,underdeveloped,1
2823,qualitative,5
2824,depth,4
2825,dying,21
2826,overdose,3
2827,epidemic,2
2828,heroin,8
2829,abusing,2
2830,overdoses,6
2831,manufactured,3
2832,concerning,16
2833,educates,1
2834,tufts,1
2835,regulation,2
2836,prescribing,13
2837,prescribe,1
2838,lectures,3
2839,simulation,1
2840,deploys,1
2841,building,7
2842,accomplished,7
2843,scenarios,1
2844,transitioned,1
2845,recovering,5
2846,leaving,6
2847,wellbeing,13
2848,monitor,10
2849,alerting,1
2850,feed,1
2851,graduated,3
2852,relapse,3
2853,aamc,1
2854,proxy,1
2855,involvement,1
2856,endorse,1
2857,overestimate,1
2858,mitigating,3
2859,competence,1
2860,mistaken,1
2861,respondents,1
2862,expedite,5
2863,accessing,5
2864,meded,5
2865,begun,11
2866,lifetime,7
2867,senneseth,1
2868,gladis,1
2869,clarifying,2
2870,face,22
2871,impair,5
2872,king,11
2873,undermine,6
2874,aversa,4
2875,wang,31
2876,lunney,4
2877,maguen,3
2878,psychopathology,5
2879,arousal,4
2880,externalizing,8
2881,mordeno,4
2882,exaggerated,8
2883,concentrating,1
2884,questionnaire,5
2885,blevins,3
2886,davis,6
2887,traumatized,7
2888,pcl,4
2889,schafer,1
2890,sem,1
2891,consistent,3
2892,pupo,2
2893,spitzer,3
2894,forthcoming,2
2895,retaining,3
2896,corporation,1
2897,conceptualized,6
2898,reaching,2
2899,pregnancy,17
2900,skilled,9
2901,escorted,5
2902,anc,5
2903,counselling,4
2904,similarly,1
2905,ngos,1
2906,organise,1
2907,prepare,2
2908,request,1
2909,attend,4
2910,requested,7
2911,coaching,5
2912,malawi,1
2913,invitation,4
2914,tanzania,5
2915,highlight,5
2916,extending,11
2917,shorter,3
2918,kenya,3
2919,discouraged,1
2920,wait,1
2921,sustainable,1
2922,husbands,1
2923,autonomy,1
2924,male,1
2925,intimate,2
2926,sensitised,2
2927,empowered,2
2928,follicles,1
2929,proliferative,1
2930,multicentric,1
2931,poems,4
2932,frequent,4
2933,obliterans,3
2934,mimicking,7
2935,mediastinum,1
2936,proved,33
2937,rituximab,1
2938,autonomic,4
2939,definitive,2
2940,indomethacin,1
2941,manifested,5
2942,cascade,1
2943,hydrops,1
2944,delivered,35
2945,modulate,8
2946,intervening,5
2947,map,3
2948,intron,1
2949,gating,13
2950,modulating,17
2951,nicotine,1
2952,nachr,2
2953,antagonist,4
2954,dementia,6
2955,endoscopic,2
2956,papilla,2
2957,abnormal,1
2958,duplicated,1
2959,dilated,20
2960,gallbladder,1
2961,floating,1
2962,lobe,1
2963,sclerosing,1
2964,hearing,9
2965,histiocytes,2
2966,emphasizes,10
2967,hepatomegaly,8
2968,phenotypic,3
2969,crohn,7
2970,hypovitaminosis,4
2971,vdr,6
2972,cytochrome,4
2973,mapped,15
2974,degradation,3
2975,siemens,4
2976,decatur,4
2977,incorporating,10
2978,itg,6
2979,institutes,7
2980,fountain,2
2981,ids,1
2982,caucasians,7
2983,twelve,1
2984,tagging,3
2985,mirror,3
2986,bsmi,2
2987,apai,5
2988,cohort,4
2989,snp,1
2990,allergen,1
2991,crossed,10
2992,chiasm,1
2993,midbrain,2
2994,strengthened,3
2995,pretectum,1
2996,retrograde,2
2997,hvfds,8
2998,thinned,7
2999,clarified,2
3000,alternating,3
3001,calculate,6
3002,keeps,2
3003,pupillometer,1
3004,seconds,1
3005,elapsed,2
3006,thinning,13
3007,rtsd,1
3008,rapd,6
3009,rapds,4
3010,advantage,6
3011,reflex,2
3012,chronic,17
3013,restricts,7
3014,comorbid,27
3015,society,5
3016,disfiguring,2
3017,pso,5
3018,catagorized,3
3019,contributes,11
3020,mcs,2
3021,absenteeism,1
3022,nhws,2
3023,diagnoses,8
3024,underestimate,10
3025,fragmented,5
3026,menlo,1
3027,phased,1
3028,smrt,1
3029,novel,3
3030,naming,1
3031,phasing,3
3032,cluster,1
3033,maps,1
3034,correcting,1
3035,reference,4
3036,lacks,2
3037,submitting,1
3038,xml,6
3039,summarising,5
3040,sparse,1
3041,combine,5
3042,randomised,8
3043,indirect,6
3044,sample,4
3045,pairwise,3
3046,trinh,2
3047,sink,2
3048,enrolling,7
3049,deteriorate,3
3050,hashimoto,1
3051,characterise,1
3052,walsh,2
3053,cheis,2
3054,adoptive,14
3055,mhcs,5
3056,malignant,2
3057,csgs,10
3058,restricted,38
3059,encoded,12
3060,exploited,6
3061,ewing,17
3062,humanized,17
3063,discriminates,4
3064,responsive,2
3065,upregulated,8
3066,prospect,3
3067,retina,2
3068,compromise,2
3069,mage,8
3070,apply,17
3071,raven,7
3072,crosschecked,6
3073,chi,1
3074,yates,1
3075,paired,10
3076,sarcomas,1
3077,rendering,4
3078,affinities,1
3079,leiomyoma,2
3080,analyzing,4
3081,affyplm,2
3082,cdf,1
3083,optimized,7
3084,api,2
3085,sends,1
3086,ann,2
3087,queried,4
3088,housekeeping,2
3089,raised,7
3090,purchased,3
3091,hybridoma,1
3092,tpp,1
3093,pulsed,1
3094,underperforming,1
3095,cerfs,3
3096,ensuring,12
3097,jaffery,1
3098,biases,12
3099,deserved,2
3100,credentialing,2
3101,trainee,1
3102,halo,3
3103,randomising,1
3104,rater,7
3105,hauenstein,8
3106,prior,5
3107,hypothesised,3
3108,cψprs,1
3109,comprising,2
3110,subdomain,1
3111,jelley,2
3112,attenuates,8
3113,psychology,1
3114,feedback,3
3115,endorsed,8
3116,lengthening,3
3117,terminating,4
3118,gonsalvez,3
3119,crc,1
3120,conflicting,15
3121,laparoscopic,4
3122,kcs,3
3123,adenine,3
3124,get,6
3125,adhered,4
3126,endotoxin,1
3127,elevation,2
3128,metastases,3
3129,tailed,1
3130,row,23
3131,biopsies,1
3132,producing,14
3133,facilitated,11
3134,grow,4
3135,crp,4
3136,closure,4
3137,induction,6
3138,outgrowth,2
3139,bacteroidetes,1
3140,proteobacteria,1
3141,scavenger,2
3142,ros,5
3143,sdd,1
3144,dmem,2
3145,supplemented,15
3146,secured,1
3147,colectomy,1
3148,hbss,2
3149,sacrificed,4
3150,snap,1
3151,centrifuged,1
3152,experiments,3
3153,incubation,1
3154,seeded,9
3155,blocking,16
3156,labned,1
3157,monocytes,6
3158,granulocytes,1
3159,pharmingen,1
3160,zymed,1
3161,humidified,1
3162,skin,5
3163,hormone,3
3164,hands,2
3165,radiating,1
3166,eyes,1
3167,correlating,3
3168,accompanying,4
3169,dyslexia,9
3170,abbott,2
3171,replacing,4
3172,entails,4
3173,spoken,3
3174,mayer,3
3175,huk,1
3176,martens,1
3177,pacing,29
3178,hamper,1
3179,scheiter,1
3180,eysink,1
3181,describes,12
3182,claimed,9
3183,triggers,1
3184,ctml,3
3185,recall,1
3186,multimedia,1
3187,savoji,1
3188,verhoeven,1
3189,lessons,1
3190,kalyuga,1
3191,beneventi,4
3192,disappear,2
3193,pickering,12
3194,everatt,3
3195,menghini,1
3196,altmann,1
3197,gevins,1
3198,baddeley,4
3199,saw,5
3200,pictures,1
3201,substitute,1
3202,chemotherapy,10
3203,mechanisms,11
3204,bladder,8
3205,infiltrating,5
3206,til,2
3207,microbiome,1
3208,pretreated,2
3209,infiltrated,1
3210,progression,1
3211,icu,2
3212,delirium,2
3213,high,13
3214,ethanol,1
3215,delta,2
3216,intoxicating,3
3217,downregulation,2
3218,cns,1
3219,polymorphisms,3
3220,illusions,3
3221,tremens,5
3222,aws,16
3223,progress,1
3224,aud,1
3225,appearance,1
3226,head,6
3227,continuing,9
3228,drinking,13
3229,evolves,3
3230,emerges,3
3231,sensorium,1
3232,eliminated,10
3233,depletes,1
3234,electrolytes,3
3235,thrombocytopenia,9
3236,hypokalemia,1
3237,ast,5
3238,cdt,1
3239,saliva,10
3240,peth,6
3241,assays,4
3242,scale,3
3243,clouding,3
3244,tremor,3
3245,pharmacotherapy,6
3246,prophylaxis,3
3247,sweating,1
3248,operationalized,1
3249,hyperperfusion,3
3250,concurrent,1
3251,preexisting,4
3252,ended,4
3253,periodic,2
3254,lateralized,3
3255,discharges,3
3256,waves,5
3257,medication,5
3258,audit,5
3259,penetrate,1
3260,metabolized,14
3261,catalyzed,2
3262,illustrates,1
3263,guide,12
3264,preferred,6
3265,loading,8
3266,withdrawing,2
3267,advantages,5
3268,intoxicated,1
3269,bzd,6
3270,persist,4
3271,rebound,4
3272,barbiturates,1
3273,antidote,2
3274,clomethiazole,2
3275,cochrane,1
3276,craving,1
3277,dampen,1
3278,afflicted,1
3279,iii,16
3280,predominant,3
3281,recognise,7
3282,russell,42
3283,faces,55
3284,bruce,12
3285,recognition,1
3286,cameras,1
3287,cctv,1
3288,lighting,15
3289,kemp,10
3290,resembled,4
3291,rejected,3
3292,error,1
3293,matheson,1
3294,uncertain,2
3295,task,4
3296,evans,11
3297,tattoos,1
3298,train,6
3299,simmonds,3
3300,burton,4
3301,adept,1
3302,proficient,1
3303,approached,4
3304,srs,3
3305,spotted,1
3306,patrol,1
3307,photographs,2
3308,remembering,2
3309,degraded,3
3310,outperformed,2
3311,drawn,8
3312,arrays,1
3313,crawford,1
3314,screened,7
3315,theory,1
3316,memory,4
3317,better,2
3318,proposes,2
3319,interfered,2
3320,phases,1
3321,select,2
3322,requiring,26
3323,cfmt,3
3324,familiarises,1
3325,underpinning,3
3326,excelling,1
3327,underpinned,1
3328,duchaine,4
3329,surfaces,2
3330,mount,6
3331,immunotherapy,10
3332,realize,3
3333,appreciated,12
3334,bolstered,1
3335,launched,1
3336,breast,7
3337,ligand,4
3338,mimic,2
3339,checkpoint,9
3340,discovering,3
3341,ron,21
3342,attenuation,6
3343,overexpression,1
3344,host,18
3345,overt,8
3346,inhibition,1
3347,downregulated,6
3348,suppresses,10
3349,merestinib,2
3350,erk,2
3351,mapk,13
3352,transcription,2
3353,unaffected,2
3354,engineered,25
3355,flow,2
3356,mirroring,2
3357,spawned,1
3358,kill,7
3359,ipilimumab,2
3360,cooperating,1
3361,modulated,10
3362,overactivated,3
3363,trametinib,4
3364,reprogram,8
3365,eradicated,5
3366,contrasting,8
3367,lie,2
3368,redundant,1
3369,replace,5
3370,drive,2
3371,antitumor,1
3372,bone,7
3373,protect,6
3374,polarize,3
3375,inhibit,11
3376,tams,4
3377,slow,4
3378,gibco,2
3379,stranded,1
3380,accumulation,2
3381,threefold,11
3382,fivefold,11
3383,rises,18
3384,usa,7
3385,ensuing,4
3386,claims,2
3387,ignores,9
3388,occupation,15
3389,whist,11
3390,dementias,11
3391,obesity,20
3392,osteophytes,1
3393,gierman,1
3394,fed,9
3395,tnf,3
3396,adipocytes,4
3397,adipokines,1
3398,neglected,8
3399,brandon,4
3400,liars,2
3401,depaulo,1
3402,flipping,2
3403,aamodt,1
3404,deterred,1
3405,rolled,3
3406,memorising,1
3407,string,1
3408,memorise,1
3409,tell,2
3410,leins,1
3411,exaggerating,1
3412,fabricating,29
3413,initiates,3
3414,signed,2
3415,ask,1
3416,sign,1
3417,links,7
3418,yielded,6
3419,trustworthy,1
3420,claiming,1
3421,shu,2
3422,arises,1
3423,fill,2
3424,bandura,2
3425,works,10
3426,employ,4
3427,antigens,18
3428,suppressor,2
3429,encountering,2
3430,untreated,4
3431,titered,5
3432,post,4
3433,bearing,7
3434,kept,3
3435,flank,4
3436,systemic,3
3437,radiation,1
3438,orthotopic,3
3439,eliminate,5
3440,myeloid,1
3441,dcs,8
3442,mhc,2
3443,labeling,9
3444,woodchuck,3
3445,practical,2
3446,overcoming,2
3447,synergizes,4
3448,extends,5
3449,launch,2
3450,immune,5
3451,kerkar,2
3452,mdscs,5
3453,hcc,16
3454,leukocytes,1
3455,tcr,1
3456,treats,2
3457,sbrt,1
3458,promise,4
3459,restrained,2
3460,protected,8
3461,shield,2
3462,phenotyping,17
3463,burlingame,1
3464,counterstained,1
3465,μci,2
3466,pharmacia,2
3467,hong,2
3468,splenocytes,1
3469,seemed,9
3470,seeming,3
3471,papain,3
3472,ahas,1
3473,fab,1
3474,possess,1
3475,globulin,1
3476,aha,3
3477,numbering,1
3478,turned,2
3479,cleave,1
3480,fundamental,2
3481,proteinases,5
3482,catalyze,4
3483,igg,8
3484,ides,8
3485,cleaves,3
3486,counteracting,4
3487,hydrolyzes,3
3488,tissue,3
3489,cppcpap,3
3490,cppcpape,3
3491,leave,1
3492,sciggs,1
3493,adcc,2
3494,acted,4
3495,docking,2
3496,detection,1
3497,mab,6
3498,overexpressing,7
3499,shielding,1
3500,digestive,1
3501,cleaving,7
3502,confirmation,1
3503,proteinase,3
3504,rheumatoid,5
3505,necessitated,1
3506,concentrated,9
3507,vivo,8
3508,aureus,1
3509,rabbits,3
3510,immunized,2
3511,gained,5
3512,cleavage,2
3513,joining,1
3514,clipped,1
3515,subclass,1
3516,escalating,2
3517,exceeded,4
3518,restore,8
3519,restoration,2
3520,timing,8
3521,staphylococcus,1
3522,possessing,5
3523,illustrating,1
3524,dictated,1
3525,disabled,5
3526,peptide,4
3527,restoring,6
3528,restored,1
3529,survived,6
3530,aml,24
3531,myelocytes,4
3532,fractionated,12
3533,lscs,6
3534,bites,13
3535,amv,6
3536,progenitor,3
3537,mds,4
3538,fraction,1
3539,expression,22
3540,searched,3
3541,fulfilling,7
3542,blasts,2
3543,scfvs,1
3544,distinct,18
3545,surviving,9
3546,reconstitute,7
3547,murine,1
3548,transfected,1
3549,subtypes,2
3550,lysed,2
3551,sorting,13
3552,mncs,5
3553,dictates,1
3554,intend,1
3555,quoted,1
3556,recovered,8
3557,suited,6
3558,concert,1
3559,transfection,5
3560,bound,3
3561,lysis,2
3562,daunting,1
3563,otgaar,1
3564,howe,1
3565,press,2
3566,paradigm,1
3567,past,1
3568,horselenberg,1
3569,pertain,2
3570,reading,10
3571,hoffman,2
3572,sense,6
3573,ncrs,5
3574,infections,4
3575,spite,8
3576,interaction,7
3577,proteoglycans,3
3578,proliferating,6
3579,cytotoxicity,5
3580,escape,4
3581,context,7
3582,endowed,7
3583,smica,7
3584,mucosae,4
3585,transcriptome,7
3586,stimuli,10
3587,offers,7
3588,crosslinking,1
3589,loosening,1
3590,emt,1
3591,secretome,3
3592,proteases,3
3593,shedding,10
3594,disintegrin,1
3595,denatured,2
3596,integrins,1
3597,subcloned,1
3598,mutagenized,1
3599,dithioerythritol,1
3600,loaded,3
3601,equilibrated,4
3602,bromophenol,1
3603,protran,1
3604,digitalized,1
3605,diluted,3
3606,peptides,1
3607,deposited,4
3608,crt,10
3609,sinus,9
3610,synchronized,4
3611,biv,4
3612,maximize,5
3613,optimization,3
3614,optimize,2
3615,adaptivcrt,2
3616,paced,1
3617,adjudicates,2
3618,adhere,2
3619,viii,1
3620,boundaries,1
3621,advise,7
3622,endpoints,6
3623,minimized,3
3624,perspectives,8
3625,differing,13
3626,strauss,1
3627,qrs,1
3628,favouring,3
3629,requirement,2
3630,powered,2
3631,kilometres,1
3632,charadrius,2
3633,almalki,1
3634,delineation,2
3635,math,15
3636,unweighted,2
3637,mrow,5
3638,keenan,3
3639,inbreeding,5
3640,mating,4
3641,subunit,3
3642,sampled,3
3643,matrix,4
3644,zink,1
3645,intraspecific,1
3646,johnsen,1
3647,kittlitz,1
3648,overlaps,2
3649,habitat,1
3650,restricting,7
3651,saalfeld,1
3652,deserts,2
3653,hatching,2
3654,offspring,3
3655,breeding,2
3656,plover,1
3657,kahindo,1
3658,maslin,1
3659,rna,6
3660,profiling,2
3661,microarray,4
3662,standard,5
3663,limma,1
3664,vascularized,1
3665,maqc,1
3666,fda,2
3667,santa,4
3668,chicago,2
3669,hamburg,2
3670,algorithms,1
3671,sfc,1
3672,adjust,5
3673,bonferroni,1
3674,allografts,1
3675,fmd,1
3676,misdiagnosis,1
3677,prevailed,2
3678,apom,4
3679,efflux,3
3680,wolfrum,1
3681,simvastatin,2
3682,apob,1
3683,probes,1
3684,revolutionized,2
3685,fxr,1
3686,apociii,1
3687,elevate,3
3688,dosed,1
3689,eating,1
3690,calories,2
3691,categorize,1
3692,healthful,1
3693,roasted,1
3694,baked,1
3695,grilled,1
3696,macaroni,1
3697,fried,16
3698,cma,2
3699,restaurants,1
3700,diets,2
3701,organophosphorus,2
3702,synapses,2
3703,overstimulation,2
3704,assayed,4
3705,isocarbophos,1
3706,poisoning,1
3707,depicted,6
3708,biomarker,1
3709,remodelling,53
3710,cholinergic,1
3711,snhl,3
3712,pendred,13
3713,waardenburg,4
3714,jervell,2
3715,kelsell,4
3716,refer,11
3717,hilgert,6
3718,depolarizing,1
3719,lining,1
3720,perilymph,1
3721,zdebik,1
3722,vascularis,3
3723,focussing,2
3724,overnight,1
3725,decalcified,1
3726,bordering,1
3727,erythrocytes,1
3728,immunostained,1
3729,mim,1
3730,rodent,2
3731,permits,2
3732,outgrowing,3
3733,adameyko,3
3734,arrive,3
3735,tempting,3
3736,cochlear,2
3737,migrate,5
3738,melanocytes,6
3739,locus,2
3740,spritz,2
3741,kallmann,3
3742,cochlea,2
3743,endocochlear,16
3744,stria,8
3745,syndromic,3
3746,deaf,3
3747,wollnik,1
3748,surmized,1
3749,cotransporter,2
3750,bonting,2
3751,takeuchi,1
3752,observe,3
3753,ataxia,1
3754,scholl,1
3755,everett,3
3756,eckhard,1
3757,pendrin,2
3758,grifa,5
3759,recycling,5
3760,shifting,12
3761,speculate,4
3762,suitable,2
3763,pujol,5
3764,chabert,5
3765,preterm,5
3766,fetuses,1
3767,worldwide,28
3768,africa,11
3769,states,6
3770,lipasin,1
3771,confounds,1
3772,infused,4
3773,repositioning,8
3774,polyelectrolytes,3
3775,absorbing,2
3776,metal,6
3777,sensing,6
3778,cpns,13
3779,perform,8
3780,practise,3
3781,cognitive,14
3782,emphasise,4
3783,elicits,4
3784,observation,4
3785,performances,1
3786,practised,1
3787,dyad,3
3788,retention,2
3789,margin,5
3790,equivalent,5
3791,repressed,4
3792,deacetylases,4
3793,switch,4
3794,relevance,1
3795,interventional,1
3796,dcm,5
3797,ribosome,2
3798,inspired,6
3799,chooses,2
3800,databases,2
3801,trade,1
3802,search,1
3803,sequenced,6
3804,gapped,3
3805,comprehensive,2
3806,substitution,1
3807,amino,2
3808,nucleotides,1
3809,mml,1
3810,compressing,2
3811,homologues,1
3812,happens,5
3813,xmaligner,1
3814,nucleotide,1
3815,pam,2
3816,pair,2
3817,selects,1
3818,dealing,8
3819,injury,8
3820,borderline,4
3821,fastened,2
3822,practiced,3
3823,association,7
3824,phenomena,2
3825,amplify,2
3826,mcdermott,1
3827,abi,1
3828,marker,10
3829,raises,1
3830,lee,44
3831,espie,5
3832,whilst,15
3833,axelson,7
3834,dempsey,4
3835,evershed,4
3836,secondary,2
3837,kirby,1
3838,acknowledge,3
3839,destigmatising,1
3840,love,11
3841,baker,6
3842,dittman,17
3843,keown,6
3844,altman,2
3845,mania,2
3846,radloff,4
3847,coldwell,2
3848,jones,2
3849,danaher,7
3850,speetjens,7
3851,ibpi,1
3852,disruptive,6
3853,accessed,1
3854,ischemia,9
3855,sex,16
3856,chd,10
3857,grafting,1
3858,hypertension,3
3859,undergo,12
3860,beta,1
3861,prescription,1
3862,married,10
3863,mattered,1
3864,aging,13
3865,vanished,2
3866,srh,11
3867,gansu,2
3868,harbin,4
3869,coded,2
3870,checked,7
3871,predicting,25
3872,ihd,11
3873,reliable,1
3874,contended,5
3875,comparable,5
3876,leukemia,4
3877,resistance,10
3878,cml,4
3879,ponatinib,1
3880,confound,4
3881,weighting,5
3882,covariates,8
3883,preserving,5
3884,insulin,21
3885,glucagon,2
3886,reward,1
3887,overweight,15
3888,process,1
3889,ventilated,2
3890,wanting,5
3891,leeds,4
3892,libitum,1
3893,summarised,1
3894,metabolite,7
3895,assumption,7
3896,benzoylecgonine,6
3897,cocaine,6
3898,india,5
3899,accrediting,1
3900,cme,1
3901,like,2
3902,personalised,3
3903,tiatoni,3
3904,document,3
3905,transmitted,4
3906,aedes,4
3907,dissemination,4
3908,declare,3
3909,disappears,2
3910,simplifying,3
3911,justifying,3
3912,ages,1
3913,zikv,1
3914,genbank,1
3915,observing,11
3916,knows,3
3917,inject,1
3918,offending,2
3919,demands,6
3920,benefited,2
3921,sbme,1
3922,surveyed,1
3923,foot,1
3924,combat,1
3925,kumasi,1
3926,ghana,1
3927,neighbouring,1
3928,omitted,1
3929,subject,6
3930,ireland,6
3931,muller,1
3932,organised,2
3933,faced,6
3934,streamlined,2
3935,outlining,2
3936,introduction,2
3937,bridges,2
3938,compounded,6
3939,swollen,5
3940,anticcp,2
3941,wrist,2
3942,calcified,3
3943,acquiring,2
3944,mcp,1
3945,pyridinoline,2
3946,hakanson,1
3947,ohlen,1
3948,environments,7
3949,prioritized,7
3950,cohen,9
3951,eol,20
3952,collis,6
3953,deliens,6
3954,clark,10
3955,virdun,6
3956,bloomer,4
3957,salins,4
3958,symptom,11
3959,burdened,2
3960,exacerbate,11
3961,bereaved,9
3962,wright,9
3963,dubose,2
3964,hammarling,2
3965,either,8
3966,proctor,8
3967,hewitt,1
3968,brereton,8
3969,relatives,9
3970,pincombe,8
3971,depersonalized,5
3972,deciding,5
3973,verbalize,4
3974,bugos,4
3975,anonymized,4
3976,stockholm,1
3977,overburdening,3
3978,lasted,1
3979,zangwill,1
3980,pleasing,7
3981,light,1
3982,individualization,1
3983,spoke,5
3984,miwa,1
3985,dimmed,1
3986,knowing,3
3987,coexisted,1
3988,upcoming,1
3989,guessing,1
3990,struggling,3
3991,gatekeeping,1
3992,shipman,1
3993,appreciating,1
3994,insights,2
3995,proven,1
3996,parapsilosis,3
3997,neonates,5
3998,frequency,5
3999,albicans,2
4000,colonizing,1
4001,cost,11
4002,stockpiling,1
4003,varies,1
4004,absolute,3
4005,nais,7
4006,influenza,16
4007,reflective,7
4008,biasing,5
4009,unclear,2
4010,commissioned,1
4011,scanned,3
4012,proceeding,2
4013,aware,2
4014,hic,12
4015,pandemic,2
4016,creams,2
4017,mosh,4
4018,moah,2
4019,pah,2
4020,mixtures,3
4021,application,2
4022,humps,1
4023,fid,1
4024,naphthalene,1
4025,considerable,1
4026,compounds,2
4027,efsa,2
4028,hydrocarbon,2
4029,cracked,2
4030,precise,2
4031,olive,1
4032,samples,1
4033,accumulate,8
4034,cge,1
4035,provoked,2
4036,immunocompromised,5
4037,devolved,4
4038,abbreviated,6
4039,hyperpolarized,6
4040,mas,5
4041,dissolution,5
4042,angewandte,1
4043,name,1
4044,npc,1
4045,rescued,7
4046,administering,3
4047,trialed,2
4048,beneficial,8
4049,permeases,2
4050,potential,1
4051,weaning,1
4052,ethg,2
4053,dórea,1
4054,disentangle,1
4055,tcv,1
4056,thompson,3
4057,exemplify,3
4058,limitation,3
4059,gesell,1
4060,mehg,1
4061,tang,2
4062,whale,3
4063,predispose,3
4064,ahmad,1
4065,icl,1
4066,effectiveness,1
4067,undisputed,8
4068,england,7
4069,quit,32
4070,grasped,8
4071,stead,4
4072,metaphor,1
4073,constant,1
4074,quitting,1
4075,plan,7
4076,outset,7
4077,varenicline,2
4078,stemmed,2
4079,intervention,3
4080,clinicians,9
4081,confer,18
4082,mesolens,3
4083,solves,3
4084,mcconnell,3
4085,overcomes,3
4086,dissected,9
4087,paraffin,3
4088,sectioning,4
4089,fails,5
4090,matsuyama,2
4091,lens,1
4092,laserbank,1
4093,clearing,7
4094,substituted,2
4095,boothe,2
4096,integrating,3
4097,holds,5
4098,organocatalysis,2
4099,chalcogen,3
4100,red,5
4101,going,11
4102,trisubstituted,6
4103,bismuth,5
4104,furnished,2
4105,pnictogen,2
4106,cowan,7
4107,dumontheil,7
4108,knight,7
4109,martinussen,18
4110,dyscalculia,7
4111,archibald,18
4112,molen,2
4113,propose,4
4114,engle,2
4115,updating,3
4116,hill,2
4117,von,2
4118,debated,20
4119,kane,4
4120,favoured,7
4121,adolescence,7
4122,vergauwe,8
4123,rehearsal,6
4124,gathercole,6
4125,obscure,6
4126,jarrold,6
4127,dean,2
4128,houde,3
4129,owen,8
4130,vogan,4
4131,kates,2
4132,corpus,13
4133,compressed,2
4134,bet,2
4135,klein,5
4136,epstein,6
4137,eroded,1
4138,neuroimaging,11
4139,eigenanatomy,1
4140,smoothing,1
4141,eigenvector,1
4142,replicating,5
4143,luciana,5
4144,wierenga,6
4145,sowell,6
4146,baldeweg,3
4147,ciesielski,3
4148,contribution,6
4149,hinkley,13
4150,summarize,4
4151,herting,6
4152,burzynska,4
4153,finke,4
4154,looks,1
4155,interspersed,2
4156,blinking,6
4157,wear,2
4158,korb,1
4159,graded,3
4160,grade,5
4161,grading,3
4162,eyelid,1
4163,tcrs,5
4164,rooney,5
4165,paving,8
4166,papadopoulos,1
4167,melanoma,5
4168,nci,4
4169,heslop,4
4170,lengthy,4
4171,lcls,4
4172,spanning,7
4173,taylor,3
4174,availability,2
4175,papadopoulou,2
4176,banked,2
4177,doubrovina,4
4178,ctls,1
4179,spreading,7
4180,survivin,3
4181,bollard,1
4182,ctas,1
4183,protocols,4
4184,raising,3
4185,neoantigens,1
4186,schumacher,1
4187,bachireddy,1
4188,recognizing,4
4189,warren,3
4190,arber,2
4191,bar,1
4192,beating,1
4193,sadelain,9
4194,jensen,2
4195,brentjens,4
4196,lymphodepleting,9
4197,davila,4
4198,objective,1
4199,crs,12
4200,porter,1
4201,prs,2
4202,progressed,3
4203,kochenderfer,2
4204,diffuse,4
4205,dlbcl,1
4206,endodomains,1
4207,preceded,1
4208,maude,1
4209,bcma,1
4210,carpenter,4
4211,killed,7
4212,kappa,1
4213,deleted,5
4214,transduced,5
4215,gill,1
4216,haematopoiesis,1
4217,frigault,1
4218,augment,1
4219,nhl,1
4220,electroporated,2
4221,talen,2
4222,poirot,1
4223,uncovered,4
4224,spliced,4
4225,exon,4
4226,spared,1
4227,cll,1
4228,ruella,1
4229,engraftment,2
4230,construct,2
4231,alleviating,1
4232,unmanipulated,1
4233,extrapolated,2
4234,manufacturing,3
4235,tocilizumab,1
4236,therapies,1
4237,exciting,5
4238,genome,1
4239,editing,1
4240,ahdb,1
4241,recording,9
4242,dichotomized,2
4243,dichotomy,2
4244,covers,3
4245,medicines,2
4246,codes,2
4247,episode,2
4248,remission,2
4249,declared,2
4250,madrs,1
4251,priced,2
4252,cover,1
4253,pay,7
4254,prostheses,1
4255,nhf,1
4256,reimbursed,1
4257,translate,2
4258,justify,1
4259,specify,2
4260,robertis,1
4261,metanephric,1
4262,blank,3
4263,coinciding,1
4264,zeisberg,2
4265,cadherins,2
4266,metanephroi,1
4267,sterilized,1
4268,differentiates,1
4269,piscione,1
4270,takekawa,1
4271,operative,1
4272,brown,2
4273,challen,1
4274,alimperti,2
4275,stem,8
4276,cap,1
4277,hida,1
4278,aggregate,1
4279,downstream,3
4280,rhoads,1
4281,humphray,1
4282,pathologies,1
4283,selsby,3
4284,maintains,3
4285,welc,4
4286,blunted,6
4287,volodina,3
4288,phillips,1
4289,montilla,1
4290,pearce,1
4291,tabak,1
4292,rohling,3
4293,corresponds,2
4294,trafficking,4
4295,notwithstanding,3
4296,richter,4
4297,sylow,3
4298,swine,4
4299,restores,2
4300,coexpressed,1
4301,fasted,1
4302,habegger,3
4303,lingering,1
4304,ampk,3
4305,srebps,2
4306,zhou,1
4307,robinson,2
4308,atorvastatin,2
4309,pitavastatin,3
4310,ldlrs,1
4311,endo,1
4312,salunkhe,1
4313,provoking,2
4314,sensitize,2
4315,glycogen,1
4316,uncoupled,2
4317,corrected,11
4318,hoehn,1
4319,abnormalities,1
4320,externalization,1
4321,riata,1
4322,tight,1
4323,hanefeld,1
4324,reabsorbed,2
4325,recover,9
4326,yamanouchi,2
4327,glucose,8
4328,kishimoto,1
4329,juraschek,1
4330,fluctuate,1
4331,mcgill,1
4332,glycemic,2
4333,stages,2
4334,fitting,2
4335,superimposed,3
4336,sensitive,1
4337,fitted,6
4338,methodology,2
4339,shunting,2
4340,schoenborn,3
4341,singh,2
4342,higham,1
4343,cigarette,2
4344,tabuchi,1
4345,harrold,1
4346,stunts,1
4347,sussan,1
4348,identification,13
4349,hodge,3
4350,implicate,3
4351,copd,4
4352,pneumonia,2
4353,sunakawa,2
4354,sec,2
4355,bubbled,1
4356,carlsbad,1
4357,plates,1
4358,plated,1
4359,phagocytose,1
4360,tran,1
4361,sherwood,1
4362,bahl,1
4363,propionyl,2
4364,bandi,1
4365,bozinovski,3
4366,thomas,1
4367,arredouani,1
4368,yang,2
4369,birrell,1
4370,mccrea,4
4371,wesselius,1
4372,grumelli,2
4373,soliman,2
4374,twigg,1
4375,yamaguchi,3
4376,vaping,2
4377,awareness,2
4378,ref,2
4379,trigger,9
4380,fructose,3
4381,feeding,18
4382,thorburn,3
4383,delbosc,3
4384,dai,3
4385,lou,4
4386,palmitoylcarnitine,2
4387,validates,1
4388,kuznetsov,1
4389,defatted,1
4390,mitochondria,1
4391,emili,1
4392,calabro,2
4393,boudina,8
4394,carbohydrates,4
4395,reszko,1
4396,carboxylase,3
4397,sakamoto,1
4398,ppar,2
4399,humans,2
4400,oxidizing,3
4401,dabkowski,1
4402,speaking,2
4403,adapt,2
4404,metabolic,1
4405,eisner,1
4406,cardiolipin,1
4407,vergeade,1
4408,composition,1
4409,han,5
4410,fadh,1
4411,neufer,1
4412,hallmark,2
4413,adducts,2
4414,mali,1
4415,nad,1
4416,catalase,1
4417,antunes,1
4418,kauppinen,2
4419,deacetylating,2
4420,hirschey,1
4421,zeng,1
4422,kwon,2
4423,carbonylation,1
4424,fritz,1
4425,bpd,2
4426,lavoie,3
4427,denny,2
4428,grunder,1
4429,alleles,3
4430,arrested,1
4431,enac,2
4432,nfib,1
4433,oxygen,1
4434,frank,1
4435,lower,3
4436,littermates,3
4437,deficient,1
4438,deng,1
4439,closa,1
4440,silenced,1
4441,reactivate,1
4442,silencing,7
4443,bleeding,49
4444,osteoarthritis,1
4445,dominate,5
4446,arthroscopic,1
4447,clear,15
4448,advocated,6
4449,inflate,5
4450,lop,1
4451,delineate,2
4452,imds,1
4453,deep,1
4454,borned,1
4455,diminishing,3
4456,harvesting,6
4457,polyvinylidene,3
4458,pzt,3
4459,revealing,3
4460,sliding,14
4461,nanowire,1
4462,synthesised,1
4463,converting,5
4464,ito,3
4465,transfered,1
4466,teng,2
4467,pdms,1
4468,charging,1
4469,ascending,4
4470,wrapped,1
4471,scavenged,1
4472,zheng,1
4473,kpa,1
4474,ease,3
4475,electrospinning,5
4476,swallowing,1
4477,solve,3
4478,excrete,1
4479,sophisticated,2
4480,kidneys,1
4481,nonpolarized,1
4482,kone,1
4483,reversal,1
4484,streptomycin,1
4485,depolarizes,1
4486,oocytes,1
4487,abolished,1
4488,gates,2
4489,pidoplichko,3
4490,think,10
4491,hossain,1
4492,downregulates,2
4493,distributes,1
4494,accelerate,1
4495,bursting,1
4496,sodium,1
4497,nmd,1
4498,suppress,1
4499,filter,1
4500,acq,2
4501,msec,1
4502,eleff,1
4503,losing,1
4504,tqf,1
4505,draining,2
4506,azzabou,2
4507,compartmentation,1
4508,araujo,1
4509,hampered,3
4510,variety,1
4511,kushnir,1
4512,bansal,1
4513,weber,1
4514,decaying,1
4515,pvat,9
4516,marchesi,1
4517,mesenteric,2
4518,surrounded,2
4519,wire,4
4520,mounted,7
4521,preconstricted,7
4522,fesus,6
4523,lynch,3
4524,adiponectin,6
4525,posited,4
4526,merl,2
4527,stoc,3
4528,opposes,2
4529,wier,2
4530,sparks,4
4531,stocs,1
4532,constricted,6
4533,interrupting,3
4534,denuding,1
4535,unpaired,1
4536,paxilline,1
4537,perforated,1
4538,dialyzing,1
4539,hydrogen,1
4540,vsmc,1
4541,fang,4
4542,acetylcholine,1
4543,greenstein,1
4544,clamped,2
4545,concur,3
4546,devoid,1
4547,weston,1
4548,replicates,2
4549,acheson,3
4550,staten,2
4551,antagonists,4
4552,propranolol,2
4553,reed,7
4554,stob,1
4555,christou,1
4556,crude,1
4557,ree,3
4558,question,4
4559,christin,2
4560,impeded,5
4561,overcome,23
4562,stand,1
4563,cathode,2
4564,packing,3
4565,render,1
4566,invented,1
4567,researched,10
4568,coating,28
4569,rendered,1
4570,printing,9
4571,dispersed,2
4572,ink,1
4573,oxides,5
4574,synthesizing,7
4575,sake,1
4576,pave,8
4577,electrodes,4
4578,scribing,1
4579,aroused,2
4580,cnt,1
4581,sandwiched,1
4582,technique,2
4583,blade,1
4584,etc,2
4585,solid,2
4586,diversified,2
4587,pvp,1
4588,allotropes,1
4589,ghidiu,1
4590,delaminated,1
4591,immersing,1
4592,peeling,1
4593,glue,1
4594,impeding,1
4595,immobilize,18
4596,tio,18
4597,mah,1
4598,reimer,2
4599,nash,2
4600,translocated,3
4601,wyss,1
4602,darrabie,2
4603,modulates,2
4604,max,3
4605,dimer,2
4606,upregulating,2
4607,vegf,2
4608,wenger,2
4609,challenged,12
4610,differentiating,14
4611,nonsupplemented,1
4612,ameliorates,2
4613,santacruz,2
4614,duke,1
4615,ligated,1
4616,rncms,1
4617,grown,6
4618,hypoxia,3
4619,conferred,1
4620,pacc,1
4621,disulfide,1
4622,membrane,7
4623,cardiomyocytes,2
4624,supplementation,1
4625,neonate,1
4626,ligases,6
4627,lokireddy,1
4628,hindlimb,1
4629,unloading,34
4630,promoter,2
4631,compensating,2
4632,blocks,3
4633,nuclei,5
4634,hook,1
4635,melting,1
4636,antibody,1
4637,cytoplasmic,3
4638,kukreti,1
4639,bodine,3
4640,unloaded,8
4641,wasting,4
4642,cai,5
4643,pathway,2
4644,shenkman,2
4645,translocation,2
4646,mafbx,6
4647,akt,1
4648,mtor,1
4649,deactivates,2
4650,foxo,2
4651,block,3
4652,content,3
4653,mrna,2
4654,jackman,2
4655,maslanka,1
4656,fowler,2
4657,demanding,1
4658,complicate,4
4659,barnes,1
4660,mccracken,3
4661,analysing,4
4662,hope,5
4663,inspire,1
4664,leamy,4
4665,inspiring,4
4666,employer,2
4667,threatened,3
4668,andersen,2
4669,trust,1
4670,wadkins,3
4671,conger,2
4672,enabling,4
4673,attempt,1
4674,valued,1
4675,participants,1
4676,elgie,1
4677,overcame,1
4678,ssd,10
4679,mistake,1
4680,proximate,1
4681,affluence,4
4682,alleviate,4
4683,well,5
4684,multilevel,2
4685,mental,1
4686,characteristic,2
4687,nested,5
4688,expend,1
4689,lend,2
4690,platform,4
4691,lactadherin,1
4692,conditioned,1
4693,knowledgebase,1
4694,thousand,1
4695,medium,2
4696,harvest,4
4697,vps,5
4698,learners,1
4699,critiquing,1
4700,admitting,1
4701,supplement,1
4702,tilling,2
4703,darkened,1
4704,flooding,1
4705,loud,1
4706,lava,1
4707,impacted,6
4708,worried,1
4709,gisladottir,1
4710,jarvis,7
4711,buist,7
4712,carlsen,9
4713,pine,4
4714,shifts,9
4715,fan,9
4716,kelley,1
4717,peak,5
4718,weems,7
4719,shaw,9
4720,eruption,3
4721,ground,1
4722,hankins,1
4723,accordance,2
4724,scarce,1
4725,forbes,4
4726,thordardottir,1
4727,inconsistency,1
4728,parental,1
4729,eksi,2
4730,proper,2
4731,iceland,2
4732,katla,2
4733,owned,1
4734,estss,2
4735,bringing,1
4736,imputation,1
4737,third,1
4738,cherie,1
4739,armour,14
4740,embraced,2
4741,seeing,2
4742,abstracts,1
4743,wonderful,1
4744,frewen,1
4745,valenced,1
4746,frijling,2
4747,heeren,2
4748,author,1
4749,downloaded,3
4750,elmose,2
4751,interdisciplinary,2
4752,elklit,1
4753,southwick,1
4754,inhaled,2
4755,allergens,5
4756,bcts,1
4757,denmark,1
4758,exhaled,3
4759,eosinophils,3
4760,feno,2
4761,eosinophilia,2
4762,adequate,6
4763,cockroaches,2
4764,asking,2
4765,indoor,2
4766,carpeting,2
4767,fungi,1
4768,nasal,4
4769,crswnp,6
4770,rhinoscopy,2
4771,impossible,1
4772,starts,1
4773,disproportionate,2
4774,adducted,1
4775,visualize,1
4776,eilo,1
4777,osas,2
4778,berlin,4
4779,gastroesophageal,3
4780,bmi,7
4781,gerd,1
4782,reflux,1
4783,bronchiectasis,3
4784,abpa,2
4785,individualized,1
4786,sensitized,1
4787,remediating,1
4788,filtering,5
4789,ltra,2
4790,reliever,1
4791,ocs,1
4792,osteoporosis,1
4793,mites,1
4794,omalizumab,14
4795,virchow,1
4796,unmet,1
4797,reslizumab,2
4798,amazes,1
4799,convincing,12
4800,polyps,2
4801,rhinitis,3
4802,retraining,6
4803,vcd,1
4804,relax,6
4805,psychologist,1
4806,macrolide,1
4807,tapered,1
4808,saves,6
4809,preferable,2
4810,endotyping,14
4811,personalized,12
4812,atopic,1
4813,solved,1
4814,gathering,1
4815,compiling,2
4816,misjudged,1
4817,census,2
4818,establishing,8
4819,hdss,2
4820,kombewa,3
4821,lake,1
4822,households,2
4823,encompassing,5
4824,kisumu,5
4825,boarded,1
4826,bayes,3
4827,alternative,5
4828,episodes,1
4829,riding,1
4830,accounting,2
4831,msm,4
4832,deleterious,3
4833,cascades,2
4834,count,2
4835,art,4
4836,actg,1
4837,questionnaires,5
4838,homemade,1
4839,brewed,4
4840,enroll,2
4841,bottled,2
4842,cronbach,1
4843,endured,2
4844,deteriorated,2
4845,south,1
4846,agreeing,1
4847,conduct,1
4848,initiative,1
4849,insufficient,2
4850,putting,8
4851,balint,7
4852,team,2
4853,instigated,4
4854,originates,6
4855,fatigue,3
4856,consist,6
4857,headache,2
4858,remit,2
4859,arnon,2
4860,persisting,5
4861,heinrichs,3
4862,premorbid,4
4863,ellis,5
4864,aupperle,4
4865,olff,14
4866,wrocklage,4
4867,gilbertson,2
4868,vasterling,2
4869,gur,4
4870,hayes,4
4871,destabilized,3
4872,amenable,1
4873,cannon,6
4874,neurofeedback,1
4875,consolidate,3
4876,stein,9
4877,hoyt,8
4878,kitchiner,10
4879,devising,4
4880,berg,6
4881,accepting,2
4882,dandeneau,3
4883,ameliorate,3
4884,hinges,1
4885,addresses,4
4886,miss,2
4887,measurable,2
4888,termination,2
4889,opted,2
4890,hebrew,3
4891,counterbalanced,1
4892,priming,6
4893,mayr,1
4894,accuracy,2
4895,scid,2
4896,burri,5
4897,binder,5
4898,stemming,6
4899,roca,6
4900,cemented,5
4901,enjoys,4
4902,evs,18
4903,transmission,2
4904,phenomenon,1
4905,metastise,1
4906,sperm,3
4907,archaea,2
4908,proteomic,1
4909,ceramide,1
4910,founded,2
4911,exert,2
4912,folding,6
4913,panels,2
4914,pioneered,2
4915,vesiculogenesis,2
4916,lectin,3
4917,exosomes,5
4918,specificity,1
4919,probed,1
4920,universal,2
4921,glycoproteins,2
4922,biotinylated,1
4923,stratifying,1
4924,tandem,1
4925,collision,1
4926,bisecting,1
4927,inferred,2
4928,simplify,1
4929,diminished,1
4930,compiled,2
4931,functionalised,1
4932,antigen,1
4933,glycoengineering,2
4934,hung,1
4935,appending,1
4936,conjecture,1
4937,proof,1
4938,prokaryotes,1
4939,fruitful,2
4940,elaborate,2
4941,receives,9
4942,mortality,3
4943,pad,15
4944,tracked,3
4945,aorta,4
4946,choline,2
4947,egfr,4
4948,tmao,2
4949,repressing,4
4950,lifesaving,5
4951,cad,4
4952,precludes,1
4953,understudied,1
4954,solicited,1
4955,assigning,1
4956,americans,1
4957,promotion,7
4958,counseling,9
4959,mailed,3
4960,trachomatis,13
4961,cured,7
4962,kari,15
4963,primates,6
4964,inoculated,5
4965,primate,4
4966,chlamydia,5
4967,serovar,2
4968,scaffolded,3
4969,annotated,1
4970,curated,1
4971,http,6
4972,nares,1
4973,ifu,1
4974,isolate,1
4975,fox,2
4976,nvct,2
4977,separating,6
4978,bases,1
4979,recombined,1
4980,serotype,1
4981,infection,10
4982,essential,5
4983,carlson,11
4984,plasmid,16
4985,muridarum,6
4986,infect,6
4987,miyairi,2
4988,bjartling,7
4989,rank,1
4990,interpreting,7
4991,lgv,4
4992,elaborated,2
4993,electrocardiography,1
4994,glutathione,1
4995,isoforms,1
4996,scavenge,1
4997,occult,2
4998,doubles,1
4999,simple,2
5000,fractured,3
5001,palliated,2
5002,free,2
5003,quite,2
5004,slv,2
5005,sbp,1
5006,sep,1
5007,ees,2
5008,alliance,1
5009,fontan,7
5010,preserve,1
5011,renin,1
5012,wall,4
5013,simplified,5
5014,prsw,2
5015,augmented,6
5016,brazil,6
5017,restrictive,2
5018,aggravating,1
5019,plain,2
5020,attain,2
5021,associating,2
5022,hirschsprung,1
5023,disclosing,1
5024,transmitting,2
5025,guilt,2
5026,polyethylene,2
5027,absorbed,2
5028,peg,2
5029,disclosed,2
5030,reports,1
5031,americas,2
5032,streptococcus,1
5033,meningitis,5
5034,malnutrition,5
5035,illustrate,3
5036,drps,1
5037,accredited,1
5038,pharmacists,1
5039,vancomycin,1
5040,pediatricians,2
5041,costa,2
5042,spain,7
5043,fortaleza,4
5044,adapting,4
5045,compounding,1
5046,inappropriate,1
5047,incorrect,1
5048,packaging,1
5049,hcw,1
5050,impractical,1
5051,chemoprophylaxis,2
5052,prudent,1
5053,pocts,2
5054,marketed,5
5055,distinguish,1
5056,differentiate,4
5057,awaited,2
5058,relationships,2
5059,cease,1
5060,disadvantages,1
5061,brings,1
5062,crying,1
5063,screaming,1
5064,geocoded,1
5065,florida,2
5066,whitsel,2
5067,zandbergen,1
5068,wintering,6
5069,aiv,3
5070,congregate,1
5071,october,1
5072,roosting,1
5073,ind,3
5074,storing,1
5075,oropharyngeal,1
5076,september,2
5077,december,1
5078,anas,2
5079,species,14
5080,wetland,3
5081,breed,6
5082,honey,3
5083,trypsin,1
5084,airways,2
5085,irritating,1
5086,topic,1
5087,sdi,1
5088,banned,1
5089,escola,1
5090,occluded,1
5091,sedative,1
5092,sedated,1
5093,tracheomalacia,1
5094,intranasal,1
5095,slight,1
5096,viruses,3
5097,thailand,4
5098,burma,3
5099,rainy,3
5100,march,3
5101,appropriate,9
5102,bolivar,5
5103,ferris,6
5104,btbr,1
5105,vasopressin,1
5106,crabbe,1
5107,interrupted,1
5108,emphasised,4
5109,concerned,1
5110,snca,3
5111,ranitidine,1
5112,ruxolitinib,1
5113,aapm,1
5114,verify,3
5115,positioning,12
5116,geometry,1
5117,articles,1
5118,cbct,2
5119,miften,4
5120,kurtosiss,4
5121,texture,3
5122,roi,3
5123,dreams,1
5124,awakened,1
5125,move,7
5126,rem,3
5127,rems,3
5128,pairs,1
5129,tukey,1
5130,landefeld,4
5131,kuijer,7
5132,dvt,3
5133,sponsored,3
5134,unscheduled,1
5135,admit,1
5136,concomitant,3
5137,cox,2
5138,hrs,3
5139,measurement,2
5140,rule,1
5141,censoring,2
5142,haemorrhagic,1
5143,misclassified,1
5144,rhythm,1
5145,lavi,2
5146,underestimating,1
5147,emptying,6
5148,hfpef,21
5149,charm,4
5150,serves,3
5151,melenovsky,1
5152,hfref,25
5153,perpetuate,1
5154,fibrosis,3
5155,descending,3
5156,anp,1
5157,atria,1
5158,bnp,11
5159,corroborating,2
5160,metoprolol,1
5161,chronotropic,1
5162,reserve,1
5163,tracking,14
5164,spectrum,3
5165,decompensated,18
5166,stiffening,4
5167,proving,3
5168,suggestive,2
5169,multifactorial,1
5170,arrhythmia,2
5171,atrial,3
5172,lae,3
5173,whf,2
5174,candidate,8
5175,elecsys,1
5176,indianapolis,2
5177,gegenhuber,1
5178,copeptin,4
5179,bach,2
5180,mandate,6
5181,departing,4
5182,derives,2
5183,greatest,10
5184,transthoracic,3
5185,departed,2
5186,nps,5
5187,incapacitates,1
5188,quantifying,8
5189,square,3
5190,averaging,11
5191,conducts,2
5192,beat,3
5193,mineralocorticoid,7
5194,withdrew,1
5195,enalapril,1
5196,polypharmacy,1
5197,ahf,4
5198,substantiating,2
5199,hazard,3
5200,discharged,2
5201,classes,6
5202,readmission,2
5203,registry,6
5204,readmitted,1
5205,neprilysin,4
5206,countering,5
5207,cardiomyopathy,8
5208,advising,3
5209,singapore,5
5210,shop,3
5211,asians,5
5212,dosages,2
5213,deranged,8
5214,impairment,3
5215,procollagen,1
5216,echocardiography,2
5217,worsened,1
5218,trans,3
5219,lifesciences,1
5220,bridging,4
5221,favours,1
5222,fibres,6
5223,iron,10
5224,peaking,6
5225,ferric,1
5226,consolidating,2
5227,reinforced,2
5228,walked,1
5229,sucrose,3
5230,fcm,1
5231,repeat,1
5232,avni,1
5233,arbs,9
5234,korea,7
5235,valsartan,2
5236,arb,5
5237,mirrored,2
5238,stemi,2
5239,chf,34
5240,customized,4
5241,dyspnoea,5
5242,pmt,2
5243,mlhfq,1
5244,permitted,3
5245,epidemiologic,4
5246,framingham,1
5247,khan,2
5248,berry,1
5249,hypothesizing,1
5250,cooper,1
5251,pandey,2
5252,medicare,2
5253,preserves,3
5254,cornerstone,1
5255,doukky,1
5256,titled,3
5257,pedersen,8
5258,wrote,3
5259,arena,1
5260,coming,1
5261,approve,1
5262,favour,1
5263,advancing,1
5264,reeves,1
5265,cornelis,1
5266,ellingsen,1
5267,kitzman,1
5268,tai,1
5269,groehs,1
5270,holidays,2
5271,overeating,1
5272,malhotra,1
5273,underlined,2
5274,organ,2
5275,mecki,1
5276,sparkling,4
5277,lge,3
5278,yared,2
5279,imitating,1
5280,hybrid,1
5281,telencephalon,8
5282,evagination,5
5283,expands,5
5284,fishes,5
5285,bending,4
5286,outfolding,4
5287,rayfin,1
5288,vertebrates,2
5289,clawed,1
5290,eomes,3
5291,teleosts,1
5292,subdivided,1
5293,pbstx,1
5294,dld,1
5295,braford,3
5296,wullimann,1
5297,uneverted,1
5298,tracing,1
5299,everted,1
5300,evaginated,1
5301,homologized,4
5302,dorsal,1
5303,cortex,1
5304,geographic,2
5305,manifold,2
5306,positron,1
5307,complement,1
5308,visualizing,1
5309,comprehended,3
5310,jmhwg,3
5311,displays,2
5312,philips,3
5313,koninklijke,3
5314,turbo,1
5315,hla,1
5316,enlisted,2
5317,remitting,1
5318,ecg,3
5319,alternans,3
5320,fdg,1
5321,disadvantage,1
5322,procedure,1
5323,miscoded,1
5324,esc,3
5325,lidköping,1
5326,tachycardia,1
5327,hidden,4
5328,carries,3
5329,costing,2
5330,hitting,1
5331,residing,2
5332,odds,1
5333,abated,2
5334,diffusing,3
5335,dlco,1
5336,oedema,1
5337,evlw,5
5338,ace,4
5339,spironolactone,6
5340,excess,1
5341,dispersive,5
5342,collocate,5
5343,gagnaire,5
5344,marine,3
5345,coincide,1
5346,selkoe,1
5347,mediterranean,2
5348,dispersing,4
5349,patarnello,3
5350,sea,2
5351,semidifferentiated,1
5352,lineages,1
5353,brought,1
5354,sibling,1
5355,complexes,3
5356,bock,1
5357,darling,1
5358,dawn,1
5359,rousset,1
5360,falush,1
5361,pritchard,1
5362,earl,1
5363,mayzel,2
5364,mayrose,1
5365,grouping,3
5366,allele,1
5367,knowlton,2
5368,debes,2
5369,lineage,1
5370,existence,1
5371,leu,1
5372,boissin,3
5373,ciona,1
5374,chile,2
5375,sensu,1
5376,spalding,1
5377,parents,2
5378,osteomas,1
5379,gaf,1
5380,stop,1
5381,apc,1
5382,deactivate,2
5383,targets,1
5384,circulate,3
5385,destroy,3
5386,primed,3
5387,recirculate,3
5388,expedited,2
5389,bring,3
5390,immtac,1
5391,sorted,1
5392,temra,2
5393,harbouring,1
5394,eradicating,2
5395,tumours,1
5396,tem,1
5397,cytokines,4
5398,multitude,4
5399,epitope,1
5400,boosted,1
5401,treg,1
5402,catalyzing,15
5403,relays,2
5404,appended,2
5405,scheme,3
5406,evolution,3
5407,simulating,1
5408,saddled,1
5409,staggered,1
5410,porphyrins,3
5411,meso,2
5412,foregut,3
5413,ruptures,4
5414,convert,17
5415,fascinating,12
5416,eaps,9
5417,electrostrictive,9
5418,attracted,6
5419,pvdf,4
5420,deflected,1
5421,snr,7
5422,misaligned,7
5423,macros,2
5424,imagej,1
5425,fiji,2
5426,project,1
5427,pampaloni,1
5428,allan,2
5429,assisted,2
5430,farsight,2
5431,icy,2
5432,huygens,1
5433,damage,11
5434,dissolves,1
5435,hscs,4
5436,pericytes,2
5437,pfs,12
5438,fibrocytes,2
5439,injured,5
5440,biliary,5
5441,depended,3
5442,hampering,2
5443,thymus,1
5444,reside,7
5445,costained,1
5446,ducts,1
5447,fibroblasts,1
5448,infiltrate,1
5449,epcam,2
5450,sinusoidal,2
5451,dezso,1
5452,revisited,2
5453,originate,6
5454,anatomic,2
5455,pathogenesis,2
5456,controversy,2
5457,costaining,1
5458,elastin,2
5459,lecs,2
5460,hbv,4
5461,ide,3
5462,etv,11
5463,peculiar,3
5464,lam,3
5465,hbsag,4
5466,angold,4
5467,scourfield,6
5468,berkowitz,1
5469,attest,5
5470,kenardy,5
5471,posttrauma,1
5472,asd,5
5473,strict,1
5474,copeland,2
5475,amended,2
5476,captures,2
5477,ignoring,2
5478,halved,2
5479,warrant,1
5480,balancing,1
5481,postoperative,1
5482,hepatocytes,14
5483,hpcs,7
5484,mobilized,3
5485,endoderm,5
5486,mated,4
5487,poly,4
5488,tokyo,2
5489,methionine,2
5490,agc,1
5491,darmstadt,1
5492,dissolved,4
5493,egfp,1
5494,stimulation,1
5495,cocultured,1
5496,cholangiocytes,1
5497,flaten,2
5498,stritzke,1
5499,dampening,1
5500,epoched,1
5501,rectified,1
5502,bradford,2
5503,liv,1
5504,spurred,1
5505,berntson,1
5506,jin,1
5507,standardize,1
5508,laboratories,1
5509,nelson,1
5510,standardizing,1
5511,degrade,1
5512,generalize,1
5513,shock,1
5514,quantification,1
5515,ppi,2
5516,grillon,1
5517,eukaryotes,1
5518,golgi,1
5519,trim,2
5520,glcnac,1
5521,fate,2
5522,folded,4
5523,retrotranslocated,2
5524,unfolded,5
5525,responds,1
5526,perk,7
5527,splicing,3
5528,coordinates,2
5529,erad,8
5530,mannosidase,3
5531,taiwan,1
5532,elegans,1
5533,anticancer,2
5534,embryos,1
5535,transplanted,1
5536,tudca,1
5537,hbx,2
5538,afp,3
5539,evoking,5
5540,rhodopsins,1
5541,parameterized,1
5542,particle,1
5543,grid,1
5544,files,1
5545,zipped,1
5546,readme,1
5547,photogenerated,1
5548,adopt,1
5549,implications,2
5550,mtot,4
5551,ballooning,7
5552,scarring,3
5553,pioglitazone,2
5554,pparγ,2
5555,metabolism,2
5556,tzds,1
5557,reassuring,5
5558,imagine,1
5559,applicable,1
5560,hcv,24
5561,guidance,1
5562,enable,5
5563,exposing,1
5564,negatives,3
5565,immunosuppressed,3
5566,retesting,6
5567,delaying,6
5568,dyspepsia,4
5569,aminotransferase,1
5570,antinuclear,11
5571,vasculitis,8
5572,cutanea,8
5573,nuanced,4
5574,warranted,6
5575,hastened,5
5576,toxins,1
5577,adolescents,4
5578,variceal,4
5579,svrs,19
5580,attaining,19
5581,ifn,5
5582,leukopenia,2
5583,developmental,1
5584,inconvenient,4
5585,transient,11
5586,evade,9
5587,mutation,9
5588,preventative,1
5589,rare,6
5590,hbl,9
5591,recapitulate,5
5592,cisplatin,1
5593,regimen,2
5594,cytoplasm,6
5595,cyclin,6
5596,rnas,5
5597,mirnas,7
5598,allstars,3
5599,hilden,3
5600,ebersberg,3
5601,doubling,1
5602,miranda,1
5603,recapitulates,3
5604,mirna,1
5605,noncoding,3
5606,cohorts,5
5607,builds,2
5608,compelling,1
5609,answer,1
5610,escapes,3
5611,rbv,6
5612,functions,3
5613,rusyn,3
5614,tomohiro,2
5615,diethylnitrosamine,1
5616,refugees,10
5617,deliberate,1
5618,farmakopoulou,1
5619,cicchetti,1
5620,boarding,4
5621,anger,29
5622,shame,15
5623,hackenschmied,3
5624,borsboom,5
5625,novaco,1
5626,bates,4
5627,creamer,2
5628,wieland,2
5629,orth,2
5630,fifth,2
5631,fulfill,1
5632,neglect,7
5633,greeson,2
5634,carr,3
5635,springer,4
5636,hoaken,1
5637,strongest,2
5638,teicher,2
5639,feiring,18
5640,andrews,12
5641,tangney,3
5642,orsillo,3
5643,abuse,4
5644,bruskas,3
5645,ehring,7
5646,harper,5
5647,wingenfeld,2
5648,displaced,1
5649,undirected,1
5650,agneessens,1
5651,yields,1
5652,reanalyzed,1
5653,operates,1
5654,bootstrapped,3
5655,edge,1
5656,epskamp,3
5657,dropped,6
5658,nodes,1
5659,walktrap,3
5660,random,5
5661,walk,1
5662,glasso,3
5663,bootstrapping,9
5664,trait,6
5665,schwenkmezger,1
5666,daq,1
5667,denson,1
5668,manuck,2
5669,exacerbating,1
5670,geiger,1
5671,riggs,1
5672,moderated,2
5673,arias,1
5674,owens,5
5675,pretreatment,4
5676,meffert,3
5677,loved,10
5678,boelen,7
5679,pcbd,6
5680,yearning,1
5681,resettled,7
5682,mourning,1
5683,hinton,3
5684,knipscheer,2
5685,smid,2
5686,adaptation,1
5687,morina,4
5688,stammel,2
5689,boss,2
5690,lenferink,2
5691,holding,2
5692,knaevelsrud,2
5693,moderating,3
5694,shed,3
5695,ptg,5
5696,resick,3
5697,roos,2
5698,faith,3
5699,meant,4
5700,kaskutas,1
5701,recognizes,1
5702,bischof,2
5703,emphasis,2
5704,assist,1
5705,mitigate,3
5706,helgeson,3
5707,amir,1
5708,conceptualizing,2
5709,tackled,2
5710,wlodarczyk,2
5711,gasparre,2
5712,bellelli,1
5713,backgrounds,1
5714,pervanidou,1
5715,fazel,8
5716,settle,3
5717,refugee,11
5718,lustig,2
5719,murray,2
5720,nkrs,15
5721,ahn,16
5722,cho,27
5723,shin,32
5724,choi,19
5725,rounded,5
5726,kano,3
5727,chang,4
5728,lim,14
5729,mixed,3
5730,bonanno,2
5731,labour,2
5732,baek,8
5733,path,2
5734,posed,3
5735,internalizing,6
5736,montgomery,3
5737,yoo,5
5738,deal,5
5739,marginalized,2
5740,escaped,3
5741,escaping,3
5742,depressive,3
5743,emery,2
5744,sublimation,2
5745,attenuating,2
5746,park,1
5747,goldenberg,1
5748,rosenfeld,1
5749,undergone,1
5750,neurobiology,2
5751,reuptake,2
5752,allocate,1
5753,wake,1
5754,worrying,1
5755,conflict,1
5756,kotsadam,1
5757,try,1
5758,therapist,1
5759,settings,2
5760,magruder,1
5761,thoresen,1
5762,lab,1
5763,rizzo,1
5764,amplifying,1
5765,greek,2
5766,disturbing,2
5767,risen,2
5768,kolaitis,28
5769,peppou,2
5770,vermetten,1
5771,organizing,13
5772,agorastos,13
5773,belivanaki,14
5774,psychotherapy,13
5775,giannopoulou,5
5776,athens,9
5777,ptss,2
5778,fires,1
5779,pts,1
5780,lakonia,1
5781,protracted,3
5782,varsou,3
5783,potamianos,3
5784,disciplining,1
5785,deserve,1
5786,rta,2
5787,charitaki,2
5788,hall,2
5789,drožđek,2
5790,anagnostopoulos,1
5791,schell,5
5792,intrusive,6
5793,connections,1
5794,similarities,4
5795,flashbacks,4
5796,foreshortening,6
5797,detached,4
5798,grieving,4
5799,elicit,4
5800,bryant,1
5801,fortunato,2
5802,santiago,5
5803,exploded,1
5804,williams,1
5805,quantifies,1
5806,null,1
5807,cooling,1
5808,csardi,1
5809,reingold,2
5810,cut,2
5811,startled,1
5812,disengaging,3
5813,danger,1
5814,enjoyed,1
5815,arousing,1
5816,neuroticism,3
5817,hout,3
5818,ormel,3
5819,cramer,2
5820,tipping,1
5821,hofmann,1
5822,brd,7
5823,beef,1
5824,cattle,1
5825,thoracic,3
5826,bovine,1
5827,auscultated,1
5828,side,1
5829,sprayed,2
5830,clipping,2
5831,comt,4
5832,roc,1
5833,calves,5
5834,fewer,1
5835,farm,4
5836,sounds,3
5837,necropsy,2
5838,ultrasonography,5
5839,artifacts,1
5840,emphysema,2
5841,evident,1
5842,avd,1
5843,eoefpo,4
5844,sunlight,2
5845,bcs,2
5846,contacting,1
5847,sequestered,2
5848,inverse,2
5849,necessitating,2
5850,unsaturated,1
5851,reductive,1
5852,accessibility,1
5853,concerted,12
5854,energies,1
5855,mesothelioma,2
5856,guarded,2
5857,lymphoma,7
5858,uopfpt,6
5859,lactate,4
5860,bicarbonate,4
5861,diminish,1
5862,cytology,4
5863,ctiati,4
5864,icus,1
5865,evoked,3
5866,ssep,5
5867,tau,5
5868,platelet,1
5869,predictor,1
5870,protocol,4
5871,ttm,1
5872,reacts,4
5873,immunoassay,1
5874,rotkreuz,1
5875,hemolysis,1
5876,nse,2
5877,overlapped,2
5878,tendency,2
5879,aneurysm,1
5880,jansen,2
5881,elicited,1
5882,drimane,3
5883,warburgia,4
5884,endophytes,5
5885,kohn,2
5886,dominating,6
5887,situated,2
5888,laikipia,1
5889,roots,1
5890,murashige,1
5891,dislodged,1
5892,pulled,1
5893,ggattagataccc,2
5894,profiles,1
5895,binning,1
5896,silylated,1
5897,kopka,1
5898,numbered,4
5899,tamelen,4
5900,sesquiterpene,4
5901,kubo,4
5902,kida,4
5903,brooks,4
5904,abundant,1
5905,rosenblueth,1
5906,stochastic,1
5907,colonized,4
5908,cladosporium,5
5909,cryptococcus,5
5910,lecythophora,5
5911,rubini,5
5912,gloetinia,5
5913,latipes,5
5914,poon,5
5915,hinted,1
5916,sessitsch,2
5917,fenton,5
5918,teunissen,1
5919,soil,1
5920,colonize,2
5921,tolerating,1
5922,acccumulated,2
5923,smirnoff,2
5924,mannitol,2
5925,merits,1
5926,realigning,1
5927,rectum,2
5928,gantry,1
5929,mlc,1
5930,simulate,1
5931,simulates,1
5932,prostate,1
5933,tcp,6
5934,isoeffective,6
5935,dph,1
5936,chung,1
5937,crossing,2
5938,rectal,5
5939,graph,2
5940,drives,4
5941,epi,6
5942,leksell,1
5943,srt,4
5944,imrt,4
5945,scatter,1
5946,calibration,2
5947,irradiated,1
5948,curve,2
5949,traced,1
5950,localizing,2
5951,vac,1
5952,affixed,5
5953,baroni,1
5954,reproducing,2
5955,procedures,3
5956,errors,1
5957,conjunction,2
5958,digitizing,2
5959,setup,2
5960,gaining,2
5961,stunt,2
5962,ring,3
5963,wedged,1
5964,radiotherapy,2
5965,ntcp,2
5966,curves,2
5967,enhancement,2
5968,morrell,1
5969,wedge,1
5970,collimated,3
5971,sequence,1
5972,prefer,3
5973,mus,7
5974,physicists,1
5975,edit,1
5976,inhabit,2
5977,glime,2
5978,forests,2
5979,flows,2
5980,vancleve,2
5981,occupy,1
5982,belote,1
5983,bao,1
5984,subalpine,1
5985,ecology,1
5986,shipley,1
5987,polytrichaceae,1
5988,investing,2
5989,saving,2
5990,klinka,2
5991,krajina,2
5992,scagel,2
5993,reptans,2
5994,pca,3
5995,branched,1
5996,intertwining,1
5997,appendix,1
5998,sears,1
5999,tsr,7
6000,masros,2
6001,ocltt,2
6002,ectotherms,1
6003,damaging,1
6004,sound,3
6005,makarieva,3
6006,frazier,3
6007,laid,3
6008,walczyńska,4
6009,rotifer,3
6010,contradicts,1
6011,formulated,1
6012,galindo,1
6013,analyzes,1
6014,streams,2
6015,woodward,1
6016,gudmundsdottir,1
6017,august,1
6018,supply,1
6019,organisms,3
6020,correlation,1
6021,frustrated,2
6022,zanoni,2
6023,barcoding,18
6024,korpelainen,2
6025,bellakhdar,2
6026,trinidad,1
6027,endangered,1
6028,confused,1
6029,mahabir,2
6030,bioprospecting,2
6031,coissac,2
6032,fay,2
6033,ameka,2
6034,rieseberg,2
6035,barcodes,5
6036,resolving,17
6037,diverged,5
6038,discrimination,5
6039,chloroplast,1
6040,hollingsworth,8
6041,formulating,4
6042,contaminated,4
6043,constructing,4
6044,libraries,5
6045,chase,2
6046,cruickshank,1
6047,collins,4
6048,desalle,4
6049,ratnasingham,1
6050,rach,1
6051,redesign,6
6052,kress,9
6053,betus,3
6054,discovery,1
6055,casiraghi,2
6056,list,1
6057,dependent,3
6058,ferguson,1
6059,hajibabaei,4
6060,mao,1
6061,hebert,4
6062,rbcl,1
6063,carbonate,4
6064,oceans,2
6065,steinacher,2
6066,calanoid,6
6067,eggs,6
6068,buffering,2
6069,incur,1
6070,søreide,1
6071,hildebrandt,1
6072,phred,1
6073,clc,1
6074,benchmarking,1
6075,busco,1
6076,schurch,1
6077,dispersion,1
6078,contigs,3
6079,kordas,2
6080,ning,1
6081,smolina,1
6082,schoville,1
6083,franssen,1
6084,cerevisae,2
6085,feder,2
6086,postexposure,2
6087,chan,2
6088,acclimation,1
6089,seneca,2
6090,kültz,2
6091,lauritano,6
6092,anderson,6
6093,bred,1
6094,parker,1
6095,daphnia,2
6096,yampolsky,1
6097,wit,2
6098,overshadowing,1
6099,dineshram,1
6100,downregulating,1
6101,conserve,1
6102,aspera,1
6103,heckmann,1
6104,burns,3
6105,applebaum,3
6106,moya,3
6107,todgham,3
6108,mauchline,1
6109,osmoregulate,1
6110,atpase,1
6111,glacialis,2
6112,crustaceans,1
6113,bailey,1
6114,chromatin,3
6115,tessadori,1
6116,reinberg,1
6117,returned,2
6118,bleaching,1
6119,krebs,6
6120,pan,6
6121,narrowed,3
6122,positives,2
6123,biogeography,1
6124,wiens,1
6125,harboring,1
6126,médail,1
6127,smet,1
6128,reads,1
6129,spades,1
6130,concatenated,2
6131,bootstrap,1
6132,partitioning,1
6133,erinus,1
6134,mirarab,2
6135,tree,1
6136,multilocus,2
6137,violating,2
6138,heled,1
6139,ané,1
6140,lcs,9
6141,lymph,4
6142,kras,4
6143,ashe,8
6144,evarts,1
6145,gripping,1
6146,contrasts,3
6147,anterior,3
6148,intermediate,4
6149,keisker,3
6150,bold,1
6151,spl,1
6152,cerebellum,6
6153,diedrichsen,3
6154,templates,2
